x1;x2;x3;y1;y2;y3;z1;z2;z3
2.434572152;1.357865499;1.407003553;1.452689658;0.956088828;1.209581472;0.818482506;1.6070814;0.935869916
0.247273416;0.272320064;0.580241251;0.549675626;0.711531146;-0.135737642;3.664914782;2.609831023;3.152447878
-1.364775928;-0.562820534;-0.097541992;-0.983546685;-0.669774685;0.007520468;1.72493863;2.109818269;0.908362446
3.043283637;2.215376328;1.608461376;6.464146519;4.780598113;5.985944583;2.569711561;3.263353789;3.385968109
2.814884084;2.702961615;2.581195753;2.286027972;2.145764264;1.551767464;0.346785038;0.071645765;-0.01871117
-0.545345014;-0.753064187;-0.63524883;1.129487602;1.199847211;0.362109037;-0.236295792;0.602526572;0.31946813
-0.382846901;0.43972707;0.636763833;0.181532632;0.017348033;-0.173917667;1.206557683;1.19316366;1.582359546
0.305095158;0.438445307;-0.126167031;1.09513322;0.27398539;0.503189113;0.661669581;0.737253825;0.429651602
0.929149765;1.987439054;1.136591791;-0.457821968;0.700535234;0.674237934;1.438187254;1.781924213;1.70182997
0.595119154;1.095095168;0.406812944;-0.105420244;-0.313032065;-0.860420064;-0.125996472;0.505077009;-0.040797915
2.3048456;1.884085075;1.909640885;1.132495098;1.636447062;0.685759841;0.946662256;0.792841245;1.11298198
-0.33631839;-0.058878303;0.089100335;0.134984258;0.704065997;0.256566032;-0.931412079;-0.61310142;-0.630409071
1.944744514;1.651616043;0.774146239;0.691707942;1.166795735;0.924497287;0.955439579;1.323982975;0.67988541
3.263979446;2.678772089;2.814062544;1.388502743;1.675780679;1.203859586;0.493256712;0.006592948;0.786265911
2.530234907;2.701046363;2.801017518;2.120388261;3.331216222;2.203760263;1.011441015;2.100970035;0.855906854
2.809201631;2.221743571;1.957761993;0.165091688;1.068861597;1.01771939;-0.490388256;0.675698124;0.19561939
2.63742489;2.096469609;2.097217233;4.51387027;4.386522128;3.431078785;1.802551226;1.377818075;1.605276652
1.305976544;1.008522999;1.323617267;1.542370863;0.71401798;0.88426804;0.630932919;0.018022295;1.264188555
-0.329152514;0.814686598;0.07478644;0.934463693;1.810388054;0.760076188;0.451363191;1.02211239;0.544644517
1.365620399;1.806487389;0.86237921;0.654527091;0.890709283;0.227151173;2.130599184;2.561995709;1.703552111
1.937891546;1.909578178;2.17669725;3.896127017;3.136023585;3.392373352;1.510507912;1.703655619;0.567610527
2.33120035;1.993983889;2.282997863;3.206724548;2.514027791;1.99457251;3.075560184;2.063423848;1.512946801
1.563379841;0.806052748;1.046984031;2.106752201;1.77822622;1.351257377;-0.973997975;-0.363112527;-0.031574271
0.100945135;0.359984044;-0.069238453;0.605535242;0.890809131;0.545498938;-0.744707445;0.017382597;-0.636629431
1.864199083;1.836743679;0.757750322;1.99583578;2.390074038;1.268810746;1.713534424;0.590855821;0.875820312
0.867500868;2.09839664;1.240648803;3.287035958;2.903467541;3.095368571;2.536436366;2.1055697;1.303512161
2.287447906;2.188725054;1.71865287;0.419507265;0.764138858;-0.428556304;1.264757536;0.963567686;0.520802996
1.132649666;1.935066723;0.639357039;3.473305093;3.150057105;2.527101634;1.864167275;1.686069989;2.111883552
0.558714256;0.962218811;0.748371776;1.826317604;1.431322182;0.401507446;0.337232159;1.214311729;1.159620653
1.025242882;1.233256873;0.878457254;1.338311254;1.252470138;0.170321499;1.302159477;0.8121521;1.197370982
1.589315947;0.929171857;0.950813314;-1.192317457;-0.507982851;-1.110002801;-0.536627405;-0.407636437;-1.017687625
0.912503139;0.970332727;0.41024311;-1.342690507;-1.308437603;-1.209944297;-1.518098588;-0.358246382;-0.253926664
1.013640389;0.791989339;0.726519731;2.412919821;1.719054039;1.345860914;2.825318043;1.398505522;2.060310089
0.875624885;0.962047993;0.820852631;1.304986511;1.296872011;0.769775149;0.230649282;0.702074676;0.491977251
2.127350089;0.9892925;1.349435176;1.760316903;2.033368597;1.818891146;0.928046991;1.400738237;0.981911163
0.26954058;0.847674673;1.058469446;1.244420202;0.812340829;-0.060520135;-1.141425516;-0.640457528;-0.690370609
0.961655614;0.639208567;0.089370179;2.064411014;2.382779292;1.498290314;1.764187976;1.674353724;1.305852544
1.572166005;1.714577125;0.811314559;2.788643929;1.340572893;1.369243854;1.044856776;1.904797767;2.297653219
2.501687014;2.639977397;1.050038463;-1.276439097;0.270762923;-1.480259067;0.688667911;0.516934071;0.208784068
0.610723225;0.948512521;0.448763905;0.701825254;0.563969636;0.755519367;1.51475535;1.713376072;0.652214054
0.68316459;0.651002853;1.298995322;1.850421614;1.025553376;0.909788265;2.073188846;1.894719305;1.233326301
0.369615901;0.727982973;1.295241373;-0.120869065;0.954721739;-0.154495676;0.670963053;0.195702577;1.23110923
1.166292023;1.168544968;0.914747224;1.25113018;1.441509282;1.322646974;-0.21434873;0.512161933;0.287082981
1.472801558;1.52473164;1.430783918;2.459758177;1.960599361;2.648220324;2.851678324;2.634449706;2.4529248
-0.137950318;0.973805558;0.793687978;1.759351005;1.546222572;2.151634481;1.876097854;3.093614547;1.963551879
1.05594488;0.756468111;0.923440895;2.484444336;2.265223596;2.492369313;1.377667992;1.770902948;2.34929904
2.174120435;1.416808586;1.272725576;2.107074181;2.057133356;1.988230892;1.080171561;2.002205546;1.600585185
0.719616846;0.800438538;-0.016009993;0.12200529;1.088996904;0.119097974;1.213692688;1.069568765;0.879930801
-0.185760147;0.223835046;0.305569207;1.760740964;1.97366286;1.139966324;0.071267408;0.034701813;0.956450179
2.135901164;1.60895819;2.635441823;-0.123985233;-0.203771936;-0.14683689;0.939384716;1.595945934;0.214843383
0.10297741;-0.087273185;-0.156706031;0.456776548;1.520808447;-0.23283937;1.364821008;1.313996301;1.661014306
-0.304051572;-0.533017105;-1.423994379;-1.728621061;-0.874262594;-2.310002331;0.436594946;1.246361156;1.136244907
2.054578644;2.965262921;1.897834402;1.707840252;2.807370697;1.646285558;2.054238702;1.227664495;1.771996072
-1.156423877;-0.709892519;-0.963279682;0.114087397;1.114771546;0.171028906;1.207494041;0.983260994;0.65857235
-0.520162744;-0.060047324;-0.167168115;-1.880718822;-0.773977225;-1.821588851;0.413171317;0.156941168;0.697263169
1.473091263;1.429655026;1.596634344;2.229353053;1.845539606;2.667614012;2.037448169;1.26668706;1.828938178
-0.507706389;1.158623483;0.064673085;0.262785584;-0.000372102;-0.088234603;0.063820305;0.825960256;0.067354101
-0.835084802;-0.624360616;-0.597286173;0.782975767;1.295690447;0.626963285;0.808885958;1.336868177;0.01209331
0.931914635;0.813128527;0.58609476;1.921827759;1.558461102;0.721587308;2.179267241;2.704279604;2.161655489
0.901962017;2.172683414;1.282096671;-0.02762588;-0.132519249;-0.288063066;0.832248557;-0.086562727;0.739815329
2.084694731;1.351524422;1.383959445;1.738483765;0.608208313;1.646216727;2.116509196;2.648664917;1.960334283
0.110761747;0.001460317;-0.041653293;-0.557610911;0.198065875;-0.134482857;1.700387455;1.231768142;0.288084011
-1.590104207;-0.851516307;-1.552663462;0.205579476;0.508904191;0.251880954;0.471609308;0.925444955;0.423322212
2.002248135;1.962076188;2.213112189;7.825778673;7.067963694;6.264252464;3.38767222;4.047462986;3.202805434
3.81047432;2.400039554;3.189570267;3.577661859;3.159904381;3.103201286;1.184534252;1.220009376;1.452930062
0.091764831;0.887912286;0.592872963;1.403939722;2.015205646;1.388574336;0.688707057;1.522661567;0.60629817
-1.473742017;-0.261739138;-1.284301648;0.821165778;0.334596561;0.451974234;0.4873063;-0.207126604;0.447751633
1.967779787;2.187732162;1.848127562;0.562275784;0.663440097;0.476215944;0.70838157;1.593540225;0.603387601
-0.72167888;1.350602443;-0.503663278;0.173280817;-0.037037936;0.032462345;-0.513729417;0.642398406;0.096042798
0.593022035;-0.214797599;0.293288846;1.523152769;2.086466836;1.474571666;-2.004898056;0.138005946;-1.61123719
1.409059297;0.896622113;1.055724458;-0.758914474;-0.056235786;-0.729306116;1.011981879;1.159451527;0.5783331
-1.687725032;-0.661562769;-2.193474173;-2.673680737;-1.844276598;-2.272186669;1.059061666;1.2477939;0.853710398
1.583747235;2.756663094;0.910989768;3.087081365;3.531127198;3.192558419;1.337430726;1.500972392;1.199891173
2.061093495;1.793037379;1.526921182;-0.518781331;-0.304843694;-0.95718615;0.066558118;0.639513188;-0.442167407
0.901945713;0.338726056;0.67817306;-0.491558418;-1.123837045;-0.828403958;0.879293605;1.287982892;0.274103854
0.009402067;0.289487108;0.051695275;1.366223133;1.853032016;1.507859576;0.940225225;1.710097014;1.811935997
1.151565907;1.660281023;0.440573164;2.525350148;2.694851829;2.07652643;2.615915806;2.737851063;2.30074203
-0.16946953;-0.286014534;-1.217221468;0.703832687;0.841605089;0.224122785;0.740634857;0.438157045;0.313096452
0.107679302;-0.213292897;-0.281902412;0.125889928;-0.014017327;1.136321693;-0.025232512;0.039102844;0.670735752
-0.562084139;0.424953996;-0.179362482;2.98844503;2.256783859;2.097753728;0.147981549;0.940291661;0.327885007
0.586493303;0.246230394;0.056042682;-0.119998124;0.410736861;-0.210942392;3.036488652;3.306511919;2.097216625
1.821404444;1.70209638;1.266907253;3.701218834;3.266434685;3.034788394;1.134954154;1.1495381;1.424905367
0.069556991;0.696936364;0.63769174;1.170678525;1.730851878;1.516680858;2.296266785;2.720315415;2.007145342
0.513504632;0.82859318;-0.112358103;-0.308249502;0.176144806;0.321937899;-0.399629553;-0.058555189;0.553645245
1.634605717;1.450685653;1.53118473;2.622348497;2.026964768;2.297618127;-0.48308855;0.193025726;0.049238207
1.464039852;1.918896623;1.316110902;0.800578707;0.913585734;0.227945446;0.879740181;0.944721856;0.460483215
2.348723499;2.596263804;2.08116701;2.008657122;2.145938876;1.494366683;2.277990607;1.658983427;0.184626912
-0.589078606;-0.054470322;0.026583937;-0.101964791;0.296090233;0.187414001;-0.575491523;-0.103515847;-0.583145863
-1.210537963;-0.51851106;-1.040091873;1.238266515;1.480972236;1.493532189;0.08357957;1.756545908;1.242540967
1.104598646;0.81646534;0.258531195;2.023941041;1.701123279;1.585605795;1.638422988;1.111670549;0.989849759
1.413054057;1.279406577;0.8282655;-2.25064344;-1.128030643;-1.920515816;0.421753649;-0.226734396;-0.106071725
-0.490472173;-0.093885546;-0.593618261;-0.548360996;0.860585403;-0.056299431;1.851738858;0.98829879;1.190704142
-0.439029116;-0.429138624;-0.71559557;-0.872558264;-0.518423563;-0.694677379;1.830154829;2.292109671;1.149960193
0.407330388;1.576952199;0.76857992;0.16128205;0.633947055;0.489144283;0.256996643;1.129094279;0.692781175
-0.234301172;0.283189573;0.289576984;-0.045701656;-0.390954493;-1.292572676;-0.3135308;-0.39705111;-0.29092327
2.179269254;3.136858748;2.501844846;2.434451048;2.949937303;3.134809099;1.067176374;2.012635587;1.277701881
1.421520853;2.068689735;1.104456447;0.293732177;0.045570305;0.002166507;0.557315379;0.500613413;0.447588735
2.159016495;2.340738589;2.296440546;3.53207232;2.791499274;3.331491768;1.916511435;2.000165333;1.74490379
0.756440572;0.752403137;-0.248979299;2.495755863;2.96356831;2.438092118;-0.196110356;0.483129214;0.268283721
1.957554906;2.019649731;1.938399818;2.329850758;2.276214114;2.75757416;1.938332267;1.225208961;1.194736591
2.025371213;2.751285214;2.487027398;3.172235156;2.423460056;2.749705829;1.3067777;1.782244636;2.133361631
1.22247343;0.65837616;0.549065772;0.00302629;1.235261873;0.147690377;-1.098910443;-0.017851362;-0.695165057
0.224493222;0.819592773;1.268518306;0.646049599;0.515051337;0.351931199;1.263582217;0.703453555;0.672444394
-0.224180713;0.123833616;-0.408652889;-0.409818484;-0.245206218;-0.834902132;-0.322782848;-0.017697037;-1.230648485
1.780274282;1.370529704;1.597531319;1.481279823;2.320028385;1.493174285;1.08490643;1.943175653;1.636727112
1.305964431;0.23395233;1.815948187;-0.917163397;-0.30157919;-1.055572259;-0.162175604;0.597167788;-0.026935964
1.461633365;1.773351912;1.826805617;1.837023863;1.978245329;2.507437875;0.30388196;0.892485532;0.089390836
1.718576724;1.310658869;0.979710812;0.97451026;0.83186996;1.481340362;2.314317758;2.769706605;2.356827061
-0.738188417;-0.233282697;-0.40324353;2.438017899;2.275758419;1.781011074;-0.083528807;0.422874207;0.09367163
1.646328696;1.865006314;2.675772246;1.621266322;2.225227808;1.51149072;1.527782533;1.716687051;2.24307754
0.052813816;-0.075128475;0.17117833;-0.465542684;-0.35940681;-0.387713564;-0.70443471;0.701262225;-0.845696872
-1.297628999;-0.944676182;-0.448183243;1.533675097;0.89230508;1.991324618;-0.749379907;0.023854025;0.180077234
1.638706037;1.970202013;2.101616543;-0.612734235;-0.431379842;-0.431855988;-0.33044917;-0.094110186;-0.570428456
1.457099714;1.639803216;1.664958108;1.096506324;0.972844489;0.174432296;0.575651455;1.025078003;0.545899563
-0.255811571;0.043810912;0.042128125;1.583892925;1.602084599;1.02251806;-0.75871557;0.003313378;0.142836007
1.169908552;0.985892419;-0.339123557;0.839765217;1.197593087;0.321240502;-0.017634029;0.261648116;0.304261883
0.802543663;1.200704464;0.948275958;0.404180434;0.843819757;-0.067857998;0.721295066;0.645964757;0.687052947
2.14499413;2.929994268;2.587982426;0.872145353;1.517179084;1.19884766;0.739766192;0.799635819;0.569217902
0.826904712;1.31564084;1.10846155;-1.406913569;-0.793131461;-1.463124574;0.877883941;0.452513146;0.580183351
0.727142162;0.897196536;-0.847805114;0.109964453;0.11957404;-0.342551819;0.880881756;1.303517397;1.251882829
-0.412185172;0.02986518;-0.580015101;-0.25747104;0.013853879;-0.731919544;1.165640998;1.3595886;1.799800503
0.570902085;1.386511961;0.994601052;3.894333403;2.947264096;3.164232762;1.600226004;1.301779334;1.042715137
-0.691280681;-0.208697254;-1.878126063;-0.013335346;0.552242792;-0.083276975;0.371058775;0.483637156;0.024869036
0.558297351;1.152888877;0.799563163;0.005355202;0.924398972;1.120011906;0.945587864;0.873022299;0.817205935
1.012726954;0.917534282;1.190810996;1.120109048;1.677120499;0.475978147;1.634251605;0.992441025;0.715064228
0.973948125;1.443890441;0.089249772;0.908592967;0.365496649;0.183941486;0.840285534;1.497745961;0.868468796
0.320275348;0.317663783;1.418412161;1.387078503;1.725458689;1.36948572;0.957225969;1.580726308;1.381900341
2.473107011;2.719479859;1.544703055;2.06586954;2.532941915;2.323877995;1.268552178;1.354830927;1.111510684
0.919730975;1.879273528;1.411675132;1.915643452;2.265502526;1.567806705;2.28501736;1.909490153;1.766637163
-0.079275379;0.532732234;0.2407655;1.821785838;1.252809979;0.627591384;0.745206533;0.641559088;0.037484581
-0.563768131;0.397571263;0.641805258;-0.656316504;0.39815854;0.060255203;0.180030613;0.442920091;0.147621329
1.89771307;2.412140615;1.777311707;2.291856796;2.821455352;2.000355991;0.709325263;1.309269681;0.971564823
0.213811928;1.366329233;0.936438172;1.43671184;1.090741345;1.557494786;1.57646862;1.658201813;1.911457913
0.842975825;1.313066303;1.54206544;4.54956566;3.896958647;3.613509368;1.972850281;1.991436749;1.277472903
1.501117939;1.599414649;2.044707316;0.977021329;0.841021221;0.9128801;1.398544322;2.243828986;0.785512278
-0.152209238;-0.3212959;0.69222397;1.507819967;2.211823641;1.261692978;-0.728387372;-0.617872875;-1.692637753
1.73002581;2.304365445;2.249554595;-0.066654695;0.268469072;0.521137116;0.550003589;0.327218073;0.09600269
0.794624355;1.456621635;0.330180383;4.513242982;3.337140755;3.882744324;2.66111272;2.752895769;2.480503796
2.025704373;1.96162681;2.051751089;1.098107701;1.186742271;1.76807183;0.419811556;0.653556967;0.587881536
1.890303619;2.714494708;1.888082026;2.032152704;2.662031764;1.777742919;1.839660433;1.765925691;1.485157614
-0.355353868;0.56325295;0.19672626;1.243328388;1.046535118;1.183816578;1.287696233;1.036744418;0.466700317
-0.525859496;0.904390915;-0.200178489;2.065660641;1.96895996;2.01092595;-0.998729084;0.593601237;-1.106429748
1.837267333;1.834757256;1.135013907;1.089986372;0.951182995;0.507848866;-0.633136856;0.091695114;-0.154971602
0.830830585;1.76749508;1.009513142;0.782593135;1.658672786;0.515839568;0.349862175;1.125391437;1.655908648
-1.836031921;-0.806751516;-1.413028058;0.023579194;0.209194466;0.146487353;1.124534133;1.478151203;1.070800691
0.607956997;0.669954859;0.330237964;0.018334901;0.675684164;0.050909415;1.549256151;1.1082787;1.025950031
-0.00904444;0.840639215;0.359574264;0.063689915;1.059549213;0.183710067;2.87156308;1.805600483;1.689717817
1.689617468;1.602803227;1.079751925;1.254274913;2.232720567;0.52452452;1.881758516;1.751952684;2.096140783
0.421110378;0.205104359;-0.020416342;1.498535293;0.891890883;1.096603079;3.113108355;2.60848569;1.875602329
0.286133796;1.454759643;1.744992785;2.392978291;1.513605843;2.177068248;1.324301367;1.497219541;1.007465796
1.396691998;1.226896531;1.039015546;-0.092520939;-0.45270882;-0.68415274;-0.196864143;0.962331484;0.528736523
0.58302253;0.810854465;0.656277152;2.748330189;2.499900901;2.100975586;3.827404774;2.629868822;2.871239833
1.609865011;1.845060877;1.789940449;2.107215485;2.328736658;2.418914721;1.626719914;2.464126686;1.55050802
1.335226592;1.867127774;1.046764073;1.647839481;1.982788767;0.817061011;0.723581883;1.561532195;0.712187467
0.805912296;1.188060628;0.771981516;2.162249047;2.890190906;1.753659832;1.048643336;0.645384695;0.309902522
2.041860734;2.485413608;2.791538802;6.109274908;5.1759393;6.262631847;2.068877399;2.888788553;2.037692656
-0.17365194;0.224531349;-0.46444276;3.224116753;2.792835093;2.346717395;0.944646745;1.906891451;0.807348008
1.08354759;0.891108211;0.962062605;1.000724702;1.597884502;0.705179154;0.73801346;2.135565148;1.01274398
0.79359393;0.810915111;0.807150086;0.178707393;0.233015958;0.024391085;0.321549335;0.749083988;0.216166975
1.399262311;1.80785237;1.396500922;0.484142802;0.316218469;-0.149939411;0.368664895;0.67895949;0.437842756
2.83083981;2.621738708;2.861365153;1.62992227;1.357327953;0.61478085;0.815070368;0.41277507;-0.158169085
-0.003328645;1.03134842;-0.411253265;1.192955394;1.045781945;1.173546452;-0.71176116;-0.27069579;-1.046525548
1.316840461;2.400250824;1.953601768;0.142606751;-0.303379508;0.010228151;-0.833616195;-0.3775628;-0.102314701
1.592434511;1.931259221;1.26420959;4.02986471;4.914922181;4.126475596;2.654302528;2.181543859;3.131553454
0.794708042;0.391896252;-0.176776529;0.9272695;1.621633295;1.526586545;-0.190974551;0.221499708;-0.122206637
2.144610321;2.107733816;2.297398088;-0.286212533;0.475442849;-0.288492766;0.422178451;0.67979928;-0.135287265
-0.335029991;0.17024506;-1.447266102;0.669019349;1.391194321;1.308771488;-1.024500341;0.310068766;-0.21224462
2.619279306;1.140820942;0.91165012;0.051520354;0.89512693;-0.401607345;0.84154644;0.979197815;-0.639578017
1.678838258;1.559872989;1.36353092;0.377105388;1.072987875;0.5448084;0.598494409;0.736000773;0.782057401
-0.255594628;0.221704956;0.363941702;-1.122041279;-0.612919594;0.236254059;0.357710793;0.555033038;1.364716489
2.401234118;1.995061071;2.343342278;2.933792785;2.630397642;3.269668555;2.982093141;2.503470536;2.560233852
0.317337854;1.288551592;1.72328537;0.850426472;0.342054124;0.119411017;1.283824242;1.809611942;1.839532204
3.556064535;2.619663732;3.270901541;5.246025882;4.183652482;4.476774013;2.416670916;2.138268737;2.445086005
1.569672331;1.513604454;1.559706114;-0.848872526;-0.286414768;-0.260071179;1.024357205;0.791310107;0.563887685
1.577945503;2.017977925;1.823770683;0.951339541;1.097540366;0.012480348;2.679004552;3.044455494;2.144004413
2.188649544;2.313402831;1.544199857;1.783872314;2.921555161;1.64962888;1.98776235;1.659539226;1.872474567
0.721834566;1.779670604;0.827455715;2.186775222;2.121682084;2.079727958;2.20978206;2.438566135;1.353343733
2.012465138;1.854552728;1.199776366;3.206717171;3.267048999;3.648941626;1.697963981;1.495195664;1.335469389
2.44395772;1.736036929;1.92545132;1.308032009;1.459350251;0.997757006;0.361019872;0.244749367;1.062540182
2.387568249;1.131923205;0.62609157;2.561263342;3.397378435;1.764334685;3.329443883;3.865235946;3.029352958
1.654474374;1.578597785;1.724892222;-0.353571531;0.233340823;-0.948226504;0.370553385;0.843004903;-0.009123183
-0.495623047;0.3966527;-0.934082226;1.203711049;1.213112691;0.573067139;0.816717244;0.858443618;1.171020567
1.731347692;2.230295105;1.640662171;4.063391235;3.433727134;3.835071133;2.461981786;2.759820242;2.494035765
3.236977482;1.860383424;1.600163632;-0.387063464;0.314211045;-0.394868086;0.67495286;1.201183989;-0.437112669
0.258436973;0.839216927;1.081260715;1.047434747;1.189539526;0.891730444;-0.056168497;1.255805863;1.061480306
2.10558418;2.140921162;1.055419071;1.575632428;1.658656204;1.135960679;0.018688393;-0.167808558;-0.570101099
0.906138073;0.78064426;0.515735176;-0.46910611;0.802935513;0.684465182;0.326384577;0.872515404;0.471527498
1.510007621;1.467785654;0.733408822;1.221363686;1.287228661;1.131102181;1.217486455;0.642912398;0.825477482
2.043778747;2.124494401;2.117777978;0.813315285;1.854684993;0.906708281;2.387004701;1.689934724;2.068290159
1.124788447;0.810112585;1.36141962;1.919380822;1.345344769;1.170084271;-0.247956022;0.316122887;0.878529319
1.487159865;2.231862668;0.734333647;0.059427359;1.171470148;-0.390459371;0.715930102;0.360623381;0.012941581
1.218299986;1.999840356;0.800941393;1.572534795;1.0366839;0.602529007;2.58025248;2.964115719;2.129696583
-0.27240619;0.825415351;0.197194475;0.982385837;1.410396576;0.238145839;1.551149469;1.507719992;1.222610538
1.144458691;0.990505675;1.519029637;0.126770111;1.080684356;-0.18578859;0.039476783;0.611305298;-0.005024998
-0.796961429;0.556690124;-0.812475822;0.795766072;0.794099901;0.654540708;-0.078761346;0.225740293;0.055376003
1.293474747;1.218213247;1.108381927;1.959070734;1.47792309;1.443372843;1.617522026;1.619749746;0.65436508
0.649928498;0.434494893;0.362689888;-0.390243635;0.854232952;0.001129757;3.115875975;2.168124554;2.591161164
0.889985048;1.337531684;0.324589708;1.809398934;2.117888397;1.663021964;1.693029223;2.222822;1.604250656
1.581201107;2.302993224;1.418565018;2.907191572;2.003325716;1.898425511;1.030147272;1.331599726;0.92832143
0.251163512;1.045621978;0.536156091;0.952029009;2.104474862;1.316041925;-0.745338042;0.214603827;-0.033760969
1.38900472;0.828303933;0.767041933;2.050617075;1.818045171;1.179679199;1.419690709;1.259377342;0.912750055
1.794084063;2.393010015;1.448668514;-1.194268927;-0.856354328;-0.989703012;-0.21937867;-0.213412387;-0.862034014
1.789502978;0.62311431;1.040203077;1.337687656;0.565675205;0.677124693;1.337596945;2.036531327;1.718526804
0.726803759;1.05553679;1.097991235;0.673960972;0.726892596;1.45617579;0.941874115;0.524652185;0.786769316
2.22500325;1.690414192;1.677443236;0.534199416;0.23611114;0.204423141;1.98297526;1.55358745;1.345853553
-0.089108102;-0.015431153;0.575159354;1.04542567;1.584942522;0.404966573;2.788017236;1.78813106;2.077174906
1.222667214;1.111494279;0.880392081;-1.394822589;-0.019937359;-0.768350261;-0.734173457;-1.14187807;-0.753001479
3.241879915;3.090183085;2.645974235;5.010970511;3.477476476;4.807025208;1.415937473;2.527516551;2.214448335
0.641108586;0.987794881;1.493184866;0.870180138;2.155486263;1.195780059;0.213772341;1.049716576;0.934592446
0.446368734;0.888499749;0.133379022;-1.140383275;-1.035986407;-1.396107737;1.101476844;0.78944847;1.29984434
3.518465939;3.696071526;2.497555849;1.855629307;1.414643515;0.750918515;0.598178097;1.70843653;0.82888333
0.875685661;1.2644479;0.94344023;0.61135437;0.709788682;0.227635461;1.516253824;1.184306775;0.373499277
0.821130453;0.763675265;0.269707134;2.112061689;1.796029581;1.692312082;1.110777696;1.179151568;0.901908095
-0.662842336;0.769333548;0.210866167;0.801750567;1.579322247;0.725719457;0.969103931;1.927550346;0.883352327
0.203154778;0.891694949;0.327301468;1.741407537;1.445006491;0.511140361;0.19037082;0.664344709;0.387577726
1.282805394;2.184337551;1.671036496;2.364488491;2.61257171;1.627221984;0.605357958;1.318099512;0.073709775
0.624763877;0.213547292;0.203016821;0.705995376;1.609785545;0.694212576;-0.657680955;-0.219294373;-0.563088284
1.249906515;0.349187637;-0.482633101;1.794860257;1.626306149;2.148101553;2.287663829;2.189319504;1.274322004
0.247426962;-0.59746478;-0.267064325;-1.480795963;-1.157591261;-1.592813614;1.582066568;1.297909473;1.256977764
0.875425789;1.513281981;0.351095209;-0.058440854;1.098872954;0.413953602;-0.186172906;0.905199669;0.322592817
-1.231851385;-0.280300506;-0.751929189;1.303300437;1.971933506;1.202037293;-1.019910217;0.120174875;0.37708928
3.032099522;2.776260463;2.419176109;3.528512947;3.779398249;3.136846819;1.480672853;1.008345715;1.853681659
0.438486636;1.001754178;0.308316411;0.695726644;0.092236593;-0.977077202;1.298715765;1.237553251;1.423903039
1.770054996;2.218460565;2.607354068;0.991584484;1.910311062;0.931039862;2.38021548;2.386078228;2.203729424
1.732484678;1.165153125;1.005544911;2.729311131;2.079069958;1.870853635;2.543018598;1.542224245;1.557308137
0.315319245;0.604394068;0.57528176;0.461047864;0.784025101;0.96794086;-0.257234341;-0.095349494;1.288891116
2.05232802;1.914251848;1.997200459;1.633511891;2.573792783;2.367538565;1.023010054;1.406468717;1.425460451
0.132256846;0.026861999;0.21585475;1.496012021;0.59280158;1.069657779;0.120230748;0.646697581;0.518182939
-0.331038899;1.007840505;-0.520292016;1.608896208;1.539496932;2.185302723;-0.069314235;0.490156002;-1.321378082
2.592730146;1.060315422;0.68553719;-1.009961191;-0.577942043;-0.957426932;-0.598006559;0.569613497;-0.095363291
0.610042797;0.407678079;0.695687918;0.574054197;0.641914829;0.298526941;2.022703573;2.656261927;2.104905535
-1.34044687;-1.274885446;-0.717566035;-0.785225302;0.360210884;-0.388869754;-0.430023232;-0.09808597;-0.120134393
3.107049219;3.101992763;3.367792391;3.270238225;3.211509362;2.436340552;1.388293746;1.324251666;0.791694417
0.035754018;0.657480018;0.862487691;1.514322988;1.75276133;1.170366503;0.744851364;0.648053769;1.222495633
1.508755192;1.677474555;1.313656736;0.043874385;0.39765397;0.035872923;-0.428067623;0.525191685;-0.630490953
0.965512444;1.150681483;0.999019326;-0.474800159;-0.871226228;0.098430134;-0.079399836;1.05284503;1.004730078
-0.580752053;0.536455289;-0.314626084;1.146917741;1.314092092;0.985612807;2.256227566;1.163410514;2.199266048
-0.110027537;0.099684762;-0.353823127;-0.257105983;0.781022696;-0.10801132;-0.438164259;-0.497050303;0.106459852
1.253912296;1.023112649;1.751862579;0.298763571;0.069018983;0.563859273;0.818360249;1.055803328;0.085357737
1.172068638;1.462197144;1.571820171;-0.089433887;0.102494384;-0.340952;-0.593661654;-0.646981098;-0.223009002
1.284138804;1.379351538;1.670392774;1.37862515;0.85095223;1.261198535;1.254268827;1.029850009;1.560693676
0.410545257;0.057560234;0.130025076;-1.502573822;-0.453212525;-0.636672554;0.858134436;0.763934543;0.198044053
0.415895144;0.218851037;0.758978044;2.632604745;2.605199931;2.488132435;0.278996843;1.567811015;1.719778699
1.911248169;1.214390578;0.917536663;1.669328213;1.344398423;1.023608466;1.851292231;1.422630732;1.556632496
1.366677915;1.618171843;1.184146818;3.451049089;2.995081214;3.169662853;1.139857366;1.890533723;1.717316466
1.492720546;1.218020482;0.999117533;2.589129304;1.711432307;0.517960057;0.875657311;1.933592279;0.739900455
2.336451487;2.887944198;2.512151607;5.582611372;3.202953392;4.204623049;1.832737376;2.174473008;1.900746781
1.123701296;0.826669148;0.629661134;-0.025501932;0.281843164;0.321130505;1.187447399;0.905626917;1.104609289
2.046061008;2.169947791;1.826807573;0.251732951;0.621470089;0.347336085;0.46015935;0.876742871;0.804952713
-0.702593416;-0.447881692;-0.095873213;-1.788098207;-0.811622323;-0.43221729;1.612926481;1.499099589;1.597526576
0.395345433;0.755382306;0.920335301;0.160415057;0.781349078;-0.124721085;-0.312841205;0.459994398;1.435988761
1.366801423;1.556416082;1.618022948;4.570672916;3.683131319;3.753972858;2.172591363;2.062629242;1.672724533
0.862407658;0.632024094;0.701849824;2.008896161;1.573399342;1.809551232;0.92098593;1.78526738;1.050943811
1.012539634;0.651031837;1.176542803;1.837426317;0.916513545;0.762312133;0.02205151;0.703637836;0.610863194
1.55148;2.049135731;2.080926814;-0.963664223;0.156489401;-0.468486719;0.210308101;1.417831478;0.502473167
1.986650609;1.457540481;1.766795798;1.419399572;2.218832932;2.14860833;-0.071273975;0.649379521;0.017624841
1.533527473;1.902860755;0.490908016;0.745916815;0.236230131;-0.648908714;-0.677066449;0.714596922;-0.195305933
-0.036095265;0.735417026;0.773143608;-0.267354898;-0.709772321;-0.044708683;1.012614197;0.285672858;0.8092513
0.415280542;0.871824348;-0.064422892;0.970079292;1.302635973;0.994526031;-0.39152528;0.382636517;-0.467265217
2.566712456;1.827704328;1.6902114;-0.386121955;-0.525745238;-0.967957047;-0.296208608;0.118547354;0.031600772
-0.067461309;0.032172904;-0.18064037;2.35872175;1.544851908;1.799212553;-0.426396057;-0.388000812;-0.542108047
1.594472074;0.451051139;0.554407897;2.17922966;1.857173005;1.771649078;0.9904713;0.923746303;1.989945356
-1.166156148;-0.367654832;-0.848975747;-1.51831667;-0.72490385;-2.063335313;2.461872861;1.554172538;1.75430371
1.574296059;1.437952639;1.237581508;1.868879649;1.958194148;1.778710887;0.543096221;0.720980018;0.778837613
1.261495216;0.894268152;1.12404492;0.163064944;0.778563726;0.585357784;1.598944422;1.519556507;0.811973003
1.699322707;1.724269796;1.295412215;3.542662352;3.263185669;2.894596099;1.156746183;1.306554981;1.217321365
1.97109938;1.149151547;1.238088693;1.617019474;1.406211579;0.952856275;1.089912497;1.178365641;1.449627703
2.462804583;2.089905515;2.131266112;2.33807052;1.825047842;1.867974624;2.253338194;1.846276547;1.391900178
1.189005541;-0.337009575;0.757295391;0.70303988;1.421639119;1.239557584;2.080606937;2.497557907;1.936037601
1.954162853;2.631975048;2.521945419;3.048962831;2.474469823;2.938598988;1.326806033;2.556271014;1.676567664
2.311747349;2.142490616;2.674821895;1.948592536;2.391880373;2.278438679;1.121616514;1.936469432;2.237749148
0.348051135;0.784136572;0.699513026;0.969403488;1.061534814;1.379075853;2.190545463;1.214521672;1.188222144
1.548746191;1.375504516;1.66776032;3.503337838;3.199422765;2.806978151;1.028714111;0.85748888;0.369527673
-0.190432576;0.160688846;0.072735987;1.179358602;1.277529132;1.241002303;1.719100338;2.063656138;1.433492623
-0.08396342;1.32625198;0.467363657;-0.851894491;-0.356735583;-0.444377551;-0.272715639;-0.23920453;-0.277900329
2.548874829;2.705910839;2.367246191;4.094644814;3.897971494;4.264627524;2.332446951;3.033434616;1.836829995
0.810728079;2.581790509;0.860953244;1.045850572;1.363167222;0.91897455;0.174505751;0.431223107;0.199099771
0.988411157;1.542052002;0.927313759;2.218886962;2.461549234;1.933196181;1.19676629;0.97243418;0.627293836
1.759478486;1.449123649;1.880731849;0.84019207;2.076439572;1.499435493;1.188785275;1.595240953;1.354435972
1.208013804;1.277275517;1.340373332;1.040678279;0.327566296;0.267858874;0.325791947;0.628253594;-0.040065215
-0.242169981;-0.385229404;0.368516871;0.551374153;0.820132795;0.92427911;-0.42224719;0.322053472;-0.06476638
1.350432274;1.61398043;1.400510007;0.314777371;1.267256884;0.088637747;0.888106159;0.205243178;0.461116074
2.103741845;2.27988168;2.51092126;-0.900396606;-0.518304538;-0.821726768;0.877296441;2.143278322;1.601957368
0.927703681;1.381843837;0.873638181;2.090017498;3.022754413;3.071132102;3.249643297;2.325018093;3.186396814
-0.105461206;-0.396241722;-1.593788443;-0.859592246;-0.427092422;-0.688859671;1.035176529;0.157400437;0.192039397
2.229601245;1.688008536;1.363194739;4.428826395;3.228309308;3.832472492;2.441438301;1.779449296;2.033546665
2.973946856;3.519160817;1.624220255;-0.145111164;0.247241464;-0.828608995;0.482881178;0.342753347;0.266721737
0.35580594;0.876274427;0.759369431;-0.587761142;0.365940119;-0.278824224;0.202383987;0.107839591;-0.208401273
2.673326123;3.043883081;2.49851055;3.195697895;2.166554208;1.712705695;1.912443387;1.604629882;2.336026402
2.159280913;2.412121963;2.359290631;0.055164273;-0.638493191;-1.094350398;-0.181868532;-0.287815532;-0.322478311
0.99373858;0.945218528;1.170828444;2.343844335;2.445179116;1.592184939;2.96611672;1.493720268;1.765252257
-0.44846155;-0.042790673;-1.165565951;-1.959420673;-0.822045066;-1.28244502;0.644319367;1.457999916;0.61706386
1.621430624;2.6291348;2.173216498;3.751304304;3.2543605;2.943321901;2.924582362;2.27909492;1.329666848
0.811068101;1.650028697;0.271713268;1.677598105;1.708695233;1.563948652;1.615564203;1.018382844;0.990600174
1.134428717;0.934048405;0.78543633;1.83851773;1.782503299;0.827130806;-0.500403043;0.381980759;-0.072521307
1.207295738;1.435411084;1.146115796;1.824073284;1.790782971;1.484934413;2.101333558;1.701852846;1.571396547
1.881639803;1.855883762;1.852884578;0.822712881;1.542521926;0.416450234;0.594481488;1.316861747;0.553886834
-0.702144768;0.234976334;-0.054919656;-0.348010115;-0.291696815;-0.711798704;1.863138986;2.300346118;1.51297092
0.743512028;1.136336592;0.362462179;-0.263920947;0.850868327;-0.276404534;0.572085921;1.01614088;0.038765975
1.909170493;3.002196396;1.432758972;1.1258332;2.21030739;1.471950008;0.653420073;0.56905907;-0.238259517
2.285946568;1.784308338;1.477572344;4.048842953;3.253739555;3.10492533;0.803981566;0.986185194;1.056691294
1.407040573;1.721701164;1.164020998;0.009141228;0.586669462;0.354909889;0.055288654;0.119208197;1.118986774
2.830442149;2.801905361;2.378701017;1.241696551;1.371405556;1.887850463;2.159471355;1.673685786;1.742266892
-0.169267417;-0.729378803;0.315559928;2.168963208;1.505804127;1.780775983;0.232436725;0.6043891;1.06842996
0.860625689;0.70660716;0.315039194;2.067237029;2.347029588;3.305083373;1.293193221;1.253672577;1.503034302
0.799416862;0.929397542;0.571242546;-0.280645167;-0.148523381;0.013352293;-0.403719133;-0.471527607;0.162741778
0.60832754;0.251084841;0.613236814;1.443126123;1.307015517;0.855678649;1.19898014;1.59877793;0.650225471
-0.785733306;0.55598991;-0.870692771;1.273643865;1.823603852;0.964314854;-0.637121719;0.238535749;-0.288220448
0.681934168;0.660465453;0.501215459;-0.078170375;1.21192099;0.572152307;0.377472498;0.711212456;0.515200997
0.08275423;-0.300017133;-0.140666348;-0.062880715;0.052435826;-0.29380506;1.228303624;2.187764299;1.795958896
-1.379068102;-0.31167479;-1.207572225;0.183746283;-0.040793537;-0.097338301;-0.80432868;1.18612336;-0.090170716
1.247551408;2.072696717;1.079696304;-0.735414486;-0.149998972;-0.60400184;1.252027954;0.948500203;0.854238527
-0.00889746;0.600515988;0.845147051;1.601319032;1.4406589;1.328401703;3.363345349;2.822481243;1.547361915
1.397575412;1.305888638;1.893136702;2.30605706;2.436351991;2.262712031;0.748071412;2.206547308;0.864034152
1.189504632;2.048893552;1.178696259;0.996960317;1.544663364;1.188234243;2.799374999;2.288389114;2.343127821
2.543360751;1.97077247;1.377643003;3.005300167;1.717965538;1.863462632;0.996818614;1.783580769;0.611990763
1.704772434;2.039013381;1.429447126;2.243495277;1.708315738;2.111857184;2.148376424;1.346041031;1.144819585
0.470406972;0.161540897;0.176698364;1.133945853;1.411200108;0.689958442;2.008941005;1.5861956;0.355498072
1.413252617;0.271006828;1.710450215;0.689146014;0.101742064;-0.127938078;-0.583537081;-0.402065167;-0.328938338
0.419976988;0.981700051;0.427098394;0.817062832;1.363316586;0.375750627;1.102834683;0.68747573;0.536956053
-0.134626983;-0.059620716;0.513727594;0.51603307;1.019744705;0.495036547;0.653863903;0.381012235;0.719191682
1.875677699;1.477303512;2.085266945;3.220163469;3.090533534;3.935690521;1.427310088;1.332058276;1.412412834
1.098847764;0.729105132;0.964578343;1.735579466;1.387386975;0.929399604;1.342216107;1.807630789;1.324423666
1.61551076;2.358252393;0.850230148;2.086504226;2.735598999;2.680275324;0.902139484;0.832197863;0.954115977
3.085277287;2.285211226;1.773391312;-1.787375133;-1.139617235;-1.904098958;-0.834101807;0.38154983;-0.774714093
0.670787318;1.236421047;1.297476847;0.929338292;1.147217361;0.852533345;3.197977833;2.205990255;2.090935321
1.474392242;1.486271953;1.079293546;2.147867082;2.175146125;0.784869439;2.334811942;1.435613543;2.281157177
0.714355792;-0.239222159;-0.286205322;-0.423436186;-0.165552666;-0.426700872;1.95036995;1.980017413;1.83060948
1.345988035;1.563523815;1.796265286;2.191254202;2.401086418;2.703238112;0.485983043;1.236074289;0.215249517
0.737285243;0.978971869;1.562075573;2.752602665;2.654805791;2.667965033;2.013608376;2.48038261;1.993971319
-0.245803872;-0.395262462;-0.91503966;0.889645829;2.602202552;0.615574165;-0.598590538;-0.063985769;-0.24068701
3.467431038;2.580003187;2.646006627;5.59152132;4.438624733;4.516731485;2.759225744;2.213040734;2.182678701
0.736969646;1.395951029;0.726751636;-1.011751379;0.081000269;0.610525235;-0.75760744;0.522766981;0.22078904
-0.130808714;-0.163437;-0.215035592;0.972677665;1.387284425;0.901005395;2.37404025;1.787323161;1.325245682
2.020008538;2.445909126;2.221983747;1.611699714;1.686871397;1.670352045;1.330062374;0.926873088;1.221884952
0.516150477;1.337190647;0.568538237;0.883622251;1.582693366;0.83440649;1.694188568;2.129716431;1.090001624
0.590834123;0.531152408;0.530704873;2.74037635;2.302455401;2.168639646;-0.171735144;0.632431283;0.266519274
-0.423788357;1.329147709;1.206962206;1.754668633;1.848255753;1.442913539;2.032583285;1.464307653;1.70303121
1.311309965;1.130531898;1.407668856;-0.30032839;0.04779981;-0.18861995;0.539371883;1.29669287;1.502898879
0.425217458;0.732528486;1.141416834;1.091141163;1.788860697;0.381330238;0.817620369;1.013190292;0.828062196
3.580980021;2.233696792;2.001078695;3.324370448;3.681906762;3.353499311;1.453853489;1.579864747;1.955796354
2.224333885;2.711054942;1.994617235;7.25255543;5.690764889;7.490408512;3.09204739;3.504348346;2.816562569
1.226307205;1.291093371;1.19937706;1.394877416;1.456894817;0.261458443;0.88245183;1.311238061;1.451384085
1.390283619;0.393270256;1.111490685;-1.617771549;-0.638097859;-1.599945591;0.794358019;2.44035533;0.311505287
1.396708099;1.218648753;0.940901529;-0.090827137;0.411908721;0.435088586;0.010773062;0.862996598;0.386388233
0.963134397;1.135484512;0.303055677;0.776130715;1.109941595;1.230069166;1.057294405;0.374057466;0.829374848
3.731026076;2.399973659;2.679626897;5.475714744;3.880652277;4.160643977;1.625401709;1.811442199;1.10646848
0.459238716;1.111037633;1.168186949;-0.006561914;0.118337557;0.380822106;0.852272326;1.535600869;0.727865238
0.972558194;0.920272917;0.569781005;0.33061665;0.583218558;0.393115552;0.250247958;0.643902362;0.759580782
0.989169907;0.602086139;1.25406353;2.232995489;2.078773614;2.720542713;0.862851811;1.386018108;0.777058452
0.836703212;1.041760272;1.064148752;1.918614724;1.729062449;1.252966911;1.239931357;0.651051199;2.067120306
2.365449333;1.759389871;2.056944563;4.15702613;3.135569744;3.820984625;1.44211271;2.068075288;0.951018843
1.671918318;2.201381493;1.303145355;3.323402545;3.067238149;2.611074408;1.434240862;0.997778476;0.024112142
1.088527216;1.466068434;1.4275613;-0.132281223;-0.118616803;-0.574670649;0.753950686;0.32430661;-0.172661337
3.712596804;3.414319897;3.616249733;3.116604999;3.234964921;2.883075762;1.464774261;1.776524289;1.552140683
0.72666472;0.718102196;-0.174271797;3.76791655;2.634941486;3.320186752;1.067940303;1.421257345;1.019128437
2.025965852;1.819423613;1.535310175;3.140870296;4.047263969;2.951063364;3.029099991;3.531571144;3.868422037
0.773207292;0.837566444;0.825459936;-0.155051414;0.392698767;1.127028273;0.991249109;1.66505648;0.121612355
-2.420350807;-0.82933565;-1.911052529;-0.141628429;0.352256177;-1.260063321;0.100227327;1.279630995;0.332091509
-1.071442316;-0.347407785;-0.976782481;3.169822663;2.920343824;3.009128291;-2.47527838;-1.611191557;-2.350065022
0.008249329;-0.881051376;-0.926952824;-0.865440849;0.089024802;-0.031580979;0.892863703;0.344122468;0.930915113
0.271117794;0.695262404;-0.266117168;3.228041391;2.908510252;1.786617237;0.3856321;0.932673413;0.491564016
1.111819621;2.386511037;1.745513076;1.586330647;2.181658535;1.338981057;1.179488407;0.642933752;1.055966717
0.871610287;0.327115096;0.696305561;0.123035619;-0.056138671;-1.149130344;0.042861067;0.775472508;-0.616338327
-0.02287043;0.700992378;0.294195462;2.261018491;1.007004613;1.280127677;0.612793159;0.60664647;1.3922725
-0.993803433;-0.855895662;-1.086709303;-1.136227226;-0.026859297;-0.938502705;1.380097314;2.013747597;1.69835566
1.981665004;1.672912732;1.896373625;2.283264994;1.706150523;2.915096948;2.299058685;2.035190463;2.712788917
1.1900902;2.522792901;1.279238137;0.83176228;1.35956357;0.548895807;1.182520951;1.91079341;1.174315237
1.649915972;2.302132194;1.665412264;1.48203851;1.796808602;1.578029864;1.555653546;1.590000955;1.18554544
2.413848587;2.712995084;2.299113554;3.625082486;3.734497748;3.311168899;2.824997717;2.595721513;2.176655954
0.257788498;0.854156648;0.788685225;-1.918994925;-0.237206932;0.303938186;0.408381353;0.495912848;0.237238968
2.065508025;1.727533832;1.631927081;0.224105943;-0.131906425;-0.028203556;-0.411064331;-0.550083224;-0.360369636
0.878061707;2.293823425;0.904980658;1.485965979;1.219789421;0.984110514;-0.206406226;-0.479323672;0.561039536
1.287531121;1.397406462;1.467034037;1.14869149;1.654252248;1.309217665;1.01308994;1.127121487;1.025061862
1.509261642;1.534208341;1.236507529;0.463462983;0.546948778;1.081326499;2.332847038;2.354821556;1.750948756
1.603153861;2.438492688;1.909768526;3.326384753;3.380322176;3.177080469;1.030494002;1.337325442;1.342565536
1.017970722;0.970159533;0.702626075;1.866450929;2.170662095;2.108865026;1.691293706;1.645591396;0.68639402
2.523686408;2.315979874;2.494956269;1.211138843;1.976375033;1.32142933;1.076657024;1.709454099;1.213506456
-0.774642701;1.53317722;-0.704305015;0.883437465;1.342362098;1.439218772;1.164404571;2.15759947;0.720795041
2.035110261;1.509066242;1.504206162;2.439188869;2.936808261;2.147382445;2.702200911;2.546836538;2.229827752
2.651278727;2.313128396;1.041586108;0.009364794;0.373136667;-0.027189846;-0.018519374;0.423651784;-0.088927957
0.579731249;1.060066196;0.386037789;0.245063106;0.195287722;0.794096842;-1.503263157;-0.968096267;-1.698104968
1.22379433;1.044406973;0.738889653;4.406693498;4.167330033;3.527874133;2.784738999;2.284696934;2.948827881
-0.769763615;-0.605834932;-0.283813638;0.176529529;0.371644142;0.334853941;1.375031957;1.157995021;0.760126964
1.423648295;1.64609152;1.013302792;0.486918536;1.745372071;1.152769071;0.40408268;1.260014856;0.53140235
1.608819802;1.346515875;0.692965055;3.038319438;2.795208993;2.361575938;2.11389604;2.411617903;1.754234027
1.024090873;1.142091133;1.569341246;2.055899698;2.176107663;2.21296227;2.920207589;2.026976786;1.898109583
0.526249794;-0.327400377;0.128724985;2.456851321;2.729739714;1.352636605;-0.512337653;0.727313157;0.16335228
1.768269593;1.886001236;1.55309159;3.187406582;3.661967217;2.51676457;2.910296906;2.194408443;1.939006912
0.348979246;0.314143855;0.489248955;-0.420138742;-0.007022103;-0.094655493;0.11860853;0.800480552;0.501335087
0.178346348;0.715256459;0.591415606;0.198726323;-0.444257841;0.420239999;0.443249728;0.674236417;1.125368664
1.302390767;1.570703637;1.665453513;0.655148436;1.639058228;1.521669319;0.98530923;1.070484456;1.282734913
0.276981723;0.973275796;0.940624849;0.078400006;0.031437901;-0.171142087;0.286390365;0.241884653;0.553722812
3.027118945;2.158943953;2.215568585;3.28933732;3.192423908;2.513989639;0.773175408;1.340637906;1.28292042
-0.327883834;-0.267320239;-0.068653087;-0.630283752;-0.227134699;-0.393799085;0.775867251;0.74970813;-0.007548234
1.557820149;0.958038824;1.220022177;1.008896324;1.961058605;1.725741221;1.820097215;0.738588702;1.954818289
1.387188923;1.486590704;0.905854479;2.215807448;2.212421156;1.09985703;3.180998102;2.043237779;2.780365971
2.165368035;1.93457248;2.101609617;2.550789378;1.799550214;2.071739261;-0.240136947;0.29288408;0.150400015
0.975276193;1.276389636;0.741392699;0.610429688;1.67473024;1.514925543;0.287225478;0.918619888;0.413682139
2.440764288;2.10808674;1.59013523;1.345485781;1.5373335;1.42236367;0.124402662;1.058816653;-0.664874054
0.813492226;0.765875205;0.974544969;1.145087649;2.160323006;0.871371467;1.087562653;1.515567719;1.054130922
1.214841806;0.902658411;0.977753096;1.328777533;1.806555118;1.470362744;0.571083929;1.870416197;1.11170404
2.296164676;1.448035836;2.380577682;3.114740115;2.435964367;2.317583373;1.078809667;2.429575879;1.340165517
1.849259328;2.045122844;1.071248365;-1.225717714;-0.165522973;-0.61433326;-0.008282873;0.115920871;0.013223878
0.702721797;0.934422058;0.588644444;0.518651046;1.494664646;1.458547268;1.33641794;1.767873197;2.078559333
2.824151448;2.093439934;1.881326799;2.114221985;2.494212573;2.217711732;1.571463513;1.576587583;1.704447979
1.268823193;2.368519823;2.099611974;-0.640869541;0.499831957;0.668561298;0.140952742;0.21147732;0.053853138
-0.208187651;0.399692263;-0.22446834;2.312051398;1.73491083;1.333795949;2.120840719;2.605103581;1.65959226
2.625540883;2.876729295;1.820884289;3.824147704;2.826658026;3.394304627;1.474188558;0.870960592;0.927513488
0.911262775;1.046107277;0.726451809;-0.788358358;0.52294831;-0.167453796;0.803558575;0.628282107;0.277932918
1.12421871;2.202507262;1.909604966;2.414481385;2.564931138;2.220218153;2.137227369;1.965808351;0.812572561
2.390437385;2.144934973;1.648369123;1.30841884;1.777095467;1.218542443;1.656843526;3.084939459;1.344010509
1.502386859;1.431451468;1.391644288;3.72007107;2.885415542;2.192906149;2.229428941;1.315032349;2.07637936
1.331581779;1.743040801;1.001976587;1.681257945;1.157986898;0.967275568;2.0037121;1.948336117;2.07526528
2.00119783;2.147035391;1.774902003;4.938495809;5.129991119;4.623696576;2.805641106;2.566214763;2.272517433
1.957940167;1.878881681;1.666469782;-0.599894637;0.272047081;-0.654071696;0.38278551;1.31710285;0.352125797
2.519982313;2.568862276;2.172482205;4.782390962;4.023251058;4.2414433;2.767928434;2.972186224;2.070524089
2.692678206;2.09051695;2.663786944;2.159674756;1.467098281;1.835495336;0.612887777;1.048553768;0.443908388
1.505170337;2.458848392;2.109854391;1.673792751;1.360337396;1.481833597;2.022551206;1.324365107;1.071006768
0.594903681;1.827401164;1.69995767;0.442518875;1.05478766;1.08785062;1.464620645;1.126795869;0.369559789
0.046680433;-0.02741158;0.356416907;0.801706815;0.703184671;1.380552695;-0.209123186;1.295878616;0.337076578
2.541295642;2.106083925;2.186926871;3.283988617;1.903734384;2.762089487;2.11392359;2.054159636;1.608302592
0.615640533;2.041664727;1.671081899;0.369929027;1.179343231;0.225529283;-0.172622941;-0.204248486;0.400025678
1.142448464;0.839423462;-0.17486424;0.10279483;0.109489081;-0.986344524;1.365361108;1.694874418;1.10830179
1.114449992;0.814737028;0.729225397;2.680329023;2.637248622;2.7257593;1.630704608;1.861146728;2.071512259
1.966048849;2.048404182;1.117373866;1.922917664;1.969535866;1.517011223;2.290552694;2.348740004;2.008234124
-0.452573413;0.050391628;-0.502926437;0.989869563;1.189167202;0.910339839;1.287135433;1.05947989;0.697090026
0.498389567;0.891269751;0.86546027;-0.540293738;0.410058236;0.260069082;0.456703353;0.429095538;0.597573177
2.072240551;1.680747816;1.567221392;3.458424884;3.341892843;2.979923773;1.800083431;1.703319548;1.947999314
-0.587931355;0.08087652;-0.373991451;1.259075586;1.277369887;1.283554708;-0.012811108;0.169452739;-0.434519843
2.541517322;2.666323592;1.703932461;1.18330081;0.74727426;1.09097389;1.230808077;0.429561273;0.38001242
2.367214257;1.8438391;1.953595384;3.186620446;3.085840507;3.434170113;2.36978152;1.620790967;1.24483947
0.269695797;0.875138744;-0.654817551;-0.309304829;-0.380208326;-0.820875307;0.979030687;1.336179951;1.236436021
2.149542711;2.068468387;1.911801807;1.188302791;1.386521688;1.028763203;2.38162494;2.196943161;1.963277967
1.145749312;0.516356838;0.395946292;-0.692387663;0.522167089;-1.056042632;-1.214915183;-1.443267108;-1.729631003
0.876720147;1.379808444;0.383586516;-0.067520759;0.6747477;0.754755677;1.745746141;1.025083812;1.566613508
0.417219763;1.11165246;0.362582183;0.863272868;0.692387251;0.361577438;-0.122018406;0.647363249;-0.005801324
1.609113759;1.731270056;0.776227671;0.577105113;0.282943866;-0.657940718;1.396156325;1.074702557;0.165375502
2.835898193;2.558449084;2.041463051;4.16265521;4.041085859;3.738876693;1.264095311;1.713408372;1.397448666
2.209838994;2.992223422;2.923152317;0.171764317;1.118873899;0.656250128;1.108082918;0.537289122;-0.115773087
0.795108877;0.042030301;1.301637371;1.070390585;1.664833249;1.900486161;1.503315951;1.200783653;0.967933186
2.651646293;2.763313211;2.374224855;1.854367767;2.548440221;1.984167617;1.491145744;1.648143164;1.270050265
0.777638586;1.164472381;0.360006964;2.389658029;2.10255737;2.134773392;2.250114235;2.429033963;1.518547798
0.450664513;0.542817659;0.429801933;1.268117388;0.806250058;0.653445318;2.165806685;1.907818113;2.539221136
0.593841848;0.891998012;0.57632546;1.548824377;1.149083234;2.118277131;2.014379472;1.322862579;1.175941739
0.314840884;0.036390982;-0.500065908;-0.978434035;0.203752091;-1.449519759;0.179517008;1.525798971;1.048744945
-0.323120497;-0.537420262;-0.490602923;-0.227976956;-0.226508934;-0.381608553;0.508275805;0.817572775;0.781235723
0.153811601;0.496645733;-0.371285652;-0.342150928;0.893335771;0.094780885;0.768505835;0.40979108;1.297055717
-0.045092685;0.262506586;0.391787929;0.538208987;1.032236933;1.101594402;0.00946238;0.694714602;-0.440409867
2.234431573;1.205027934;1.16194004;5.202374795;4.615545916;4.464100676;3.024719031;3.20824331;2.93930732
0.313898465;0.480209736;-0.010740676;0.44175286;0.492799638;0.980738986;1.1065017;1.507800179;0.496279578
2.70544356;2.116073519;2.319686826;3.75112494;2.868107531;3.323318311;2.37430338;1.709040258;0.996178711
0.839501176;1.440894798;-0.210592474;0.781191375;1.241889496;0.763396162;0.395955244;0.057773925;-0.243244412
2.123423145;1.458638701;2.107419545;2.409671939;3.534725345;2.005911123;2.048326711;2.361349562;2.35717922
0.680420576;0.672171452;0.291946032;-1.293110287;-0.397913742;-1.775081881;-0.233176145;0.748284213;0.519679176
-0.469044445;0.406778189;0.120883402;0.913393001;0.829733245;0.582219337;-0.054297123;-0.166626249;-0.772648042
-0.037441715;0.641306762;-0.601781991;-0.865604536;-1.0361784;-0.990234719;-0.134289334;0.283373222;0.141535617
3.384051677;3.068371238;2.59920441;-1.442284295;-1.045225461;-1.669301119;-2.119841349;-1.126318502;-1.587472108
2.041345238;1.939792022;1.011519169;1.538724693;1.667322341;1.960846833;1.565384236;0.932997925;1.203884745
0.798270153;0.249182289;-0.051861157;0.884636303;0.794249083;0.010001224;2.191210041;2.829620813;2.469526849
0.837476207;1.103848138;1.55302283;0.582985007;0.571383303;0.221815533;1.657712554;1.907348723;1.902901382
-0.837881819;-0.327682651;-0.241857008;0.123770142;0.281819901;-0.570783132;2.236945508;2.513618312;1.565441939
0.81671616;1.300010206;0.299685952;1.158579898;1.292240406;1.855125209;0.502497202;1.2760434;0.740202332
-0.876820541;1.137471572;-1.023273281;1.32486139;1.589472491;1.244034503;-0.352880103;-0.233476351;-0.393434109
0.371443966;0.525310975;-0.117233425;0.150457681;1.248115081;-0.0237811;0.039355887;0.153678111;0.179844949
1.08007028;0.926599385;0.640734422;-0.623105994;-0.106404207;0.100395406;1.504041442;0.690033081;0.537112521
2.822920387;2.060830541;2.525152828;4.625849061;3.463433641;3.565031854;2.631493025;1.898847432;2.093613868
1.423419549;0.737218695;1.525395882;0.991011956;1.05795496;0.946108786;1.139012582;1.29495019;1.195617115
-0.112750805;-0.034751727;-0.033326367;1.148070925;1.44734219;0.699488196;1.467103195;1.503274142;1.720147903
0.240003242;1.358839231;0.49098499;1.921655904;1.770347366;2.412846344;1.539915756;1.599930431;0.704968753
1.334140797;0.632718782;0.320525855;0.47013656;0.202086481;0.807387934;-0.131504697;0.939725359;-0.082979371
2.564629033;2.352086651;1.300565264;0.30225374;0.630165537;0.656512076;0.377379288;1.264442432;0.526658891
0.121389749;-0.112111086;0.07655637;-1.148081931;-0.3169615;-1.064580852;0.97484211;1.393128675;1.551479375
1.379824648;1.276088737;0.902200847;1.344204062;2.447451132;0.840987267;0.062083857;-0.213390499;0.327398762
-0.252088592;0.732844727;0.545757656;0.905784315;1.627796125;0.691431025;1.814250227;1.432720436;1.594727231
2.318524447;2.173514657;2.321270026;2.536213442;2.084308348;1.842655795;-0.277338321;0.945144286;0.475189673
0.84545089;1.912556152;1.528739032;1.563129287;1.579150813;2.127712365;1.821228963;2.202847641;0.995017765
1.281491527;1.801314041;1.786413438;3.122281521;2.891206658;2.162565588;0.516731603;1.345834492;0.240530062
2.337394411;1.707048391;2.184986602;3.315570398;3.451761414;3.008386286;2.009398821;2.522194364;1.517479451
0.221486963;0.531556059;0.161284793;0.086317892;1.167293875;0.678000604;1.794919905;1.974074092;1.310558439
0.839718444;1.122613714;1.288836649;1.714761631;2.015697383;2.401745837;1.654358529;2.034025593;0.508418754
1.942140925;1.829496102;1.326527646;0.828010209;1.671289676;1.293107528;0.936250123;1.73779097;0.846476969
2.101542223;1.622072633;1.097423148;2.285301204;1.269902215;2.033206683;1.079349167;1.001634012;0.311470154
1.151627712;0.811506841;0.627867939;1.600917265;0.998375246;0.322747257;1.306330812;1.235082736;1.404835575
3.532845602;2.572065085;2.559114329;6.103735141;5.353003718;4.894980653;2.046099831;2.017604113;1.879340496
1.281405197;2.226508584;0.136278728;2.34606188;1.979196808;2.530472569;1.195540195;0.996589702;0.142561728
0.496120768;-0.273920355;-0.067425822;-0.557194487;0.547513783;-0.184658584;1.969429277;2.476367073;2.053553118
0.975221099;1.146971421;1.21235454;1.070193727;1.630384092;1.056060744;1.77564629;1.634402755;0.940527793
0.647740563;0.39025966;1.682692514;1.496836069;0.740694568;0.779101826;0.770275569;0.825438429;0.527594432
1.634850078;2.690145526;1.688659189;-0.326599257;0.33561774;0.508991632;-0.915646469;-0.296943258;0.142605303
1.169013412;0.845142129;0.648144562;2.173970876;1.336589481;2.227249316;0.421296518;1.337477411;1.034904852
0.915197726;1.6863316;1.31604086;0.994133036;2.331970974;1.10336895;0.900011012;0.57855595;1.024754812
2.532791401;3.011107282;2.537807028;4.68224052;4.060308524;4.551474378;1.756294109;2.535950405;2.525663754
-0.210393664;0.923167366;-0.085081364;1.38893048;0.833323807;0.606866822;0.918496399;0.75560058;0.872217843
1.592820383;2.109876881;1.130323573;1.033481539;2.30684819;0.960369127;1.886018955;1.866870618;2.668860737
0.304064993;1.324350182;0.586313627;2.525966666;2.721195318;2.14070175;1.164376035;1.401767719;0.638064585
2.520822221;1.689788711;2.183842521;-0.481379574;-0.139840016;-0.931560897;-1.043347995;-0.150876828;0.286732424
2.199266924;2.282644327;1.507598728;2.779840601;2.506784276;2.560489983;0.414194459;1.066947452;0.37653438
2.224251705;2.278268602;2.385222231;4.563187557;3.549279341;4.157832223;3.148415324;2.53030076;3.148487179
0.85200216;0.805158563;0.375888932;2.440731321;2.610094193;1.846772857;1.18667193;1.057331955;0.797578017
-0.88163509;0.087628494;-0.916180112;-0.573213613;0.021491512;-0.647078014;0.587208415;1.025283965;0.452375388
-0.566613537;0.438621839;-1.041298866;-1.496194204;-1.06735178;-1.604426807;1.911708038;2.071076222;1.282100752
0.537240992;1.522448514;1.395566202;0.848719459;0.751039327;0.140082502;0.78215338;1.260080272;-0.408143914
1.112404023;1.021136136;0.504085992;0.471202486;1.244233203;-0.282721506;0.464043577;0.999577134;0.68195751
0.544478478;0.656717868;0.874913452;-0.210016352;-0.869188061;-1.050574148;1.331488156;1.504484182;1.536045795
2.390652179;1.534754456;1.881657903;1.268009035;1.709213516;1.794744222;-0.614901996;0.024035524;0.027239128
0.73614548;1.709810587;2.020403952;0.984620125;0.339492962;1.094013104;0.692272273;0.918574181;-0.259630892
2.959383082;3.056133678;3.342101578;1.8096252;2.449318947;2.098865081;0.481157355;1.906667853;0.925372288
1.116198704;2.267947819;1.696571509;2.339288558;1.914786525;1.63091856;1.437834523;1.629352259;0.825315273
-0.068340288;0.889570833;-0.404164999;2.019937192;2.833210201;2.133786971;1.231274486;1.747248924;1.547431633
-0.167937289;0.834521096;0.049648597;1.391732036;1.014186115;1.423484294;0.538161114;0.733747639;0.609245443
2.06706629;1.819651021;2.518515431;3.264418067;3.003013808;2.850038484;1.221690139;0.925168981;1.462575417
1.231672443;1.666886254;0.812403962;0.26808371;1.137719115;0.704442862;1.163271549;1.107314474;1.473564964
1.452819803;1.279174691;2.841588897;-0.958629713;-0.48686447;-0.624679326;-0.970004786;-0.071510052;-1.189960973
2.323520396;1.788392604;2.234998287;2.010321516;2.477684928;1.795482925;0.998025841;1.124992634;1.127671216
-0.284628224;-0.097062933;0.313606787;-1.699664544;-1.079265023;-1.70344603;-0.30594899;-0.103299025;-0.250545819
0.31171114;0.833285736;0.968200184;0.617382675;0.93782544;1.906939949;1.131711663;1.372690339;0.775183961
1.822919548;1.76670372;1.959252559;4.185801488;2.55330911;1.993078259;1.185676898;0.942981539;-0.222913756
-0.913154658;0.303068328;0.14205913;0.489004244;0.400436665;1.071550041;1.383651346;2.066779948;0.689409752
-0.532574211;0.172044925;-0.219590245;0.671167779;1.144061256;0.19505603;-0.767823677;-0.042703803;-0.206843089
1.128302363;0.612755116;0.267557987;-0.05338524;0.219141497;-0.501322463;1.110946793;0.694690482;0.391692354
0.615308397;1.131346043;0.740884601;-0.618023658;0.385473075;0.414699019;0.891060829;1.485330252;1.806455662
1.292383768;2.204635042;1.531467471;2.525740805;2.393881317;2.016416029;2.446128419;2.110184359;1.680846898
2.343475979;2.29266381;2.165231985;-0.417580071;0.381967637;0.332668471;-1.226070353;-0.297026339;-1.359564176
0.297992955;0.531639438;0.969509822;0.280706325;0.878429141;0.361623177;1.921981675;1.760885538;1.81441737
0.323165696;0.944856457;1.138251533;1.430170029;1.58698758;0.52080707;0.724575296;-0.017666685;0.168754993
3.474795454;2.146896968;2.16570284;1.533247331;1.837575759;1.60338554;1.57648258;1.03978305;0.648529386
0.119222809;0.851836512;0.432226962;-2.004762184;-0.762943822;-1.680947484;2.278808777;2.059005339;1.612271714
0.997563265;1.208163962;1.194565097;2.352697538;1.987955701;2.259271466;0.933187082;0.647071558;0.105045398
0.03436856;0.374413017;0.134263184;0.395286908;1.327785838;1.553878074;0.624624629;0.640314955;0.362213009
-0.396562466;-0.739122753;-0.088709428;0.056562;0.197964148;-0.179822424;0.385228304;-0.197543211;0.117355248
0.67075371;0.569597182;0.696127353;1.107411729;1.958510885;1.286929244;1.309746825;2.245436478;1.56801386
1.004850664;0.878504667;1.26055289;0.447023158;0.502592222;0.494351413;0.083631775;-0.218586282;-0.28588174
1.117372902;1.591974616;0.879978867;1.011943603;1.426759259;0.828245111;1.521182651;1.474705365;1.282061644
1.316597775;1.205512459;0.761862805;0.133433988;0.08714396;-0.122166028;-0.561752582;-0.534382508;0.034141804
1.743589395;2.150777835;1.874664795;1.565316932;1.744846634;0.812489823;1.254276641;1.781070361;0.643130884
1.74878452;1.513559898;1.968992183;2.388497554;2.248299975;1.649333713;1.374122094;0.94411378;0.828963879
0.976046253;1.005289828;0.640278957;-0.169533246;0.090159949;0.369684256;0.552484195;0.449234841;0.121504602
1.043361354;1.322259443;1.458427033;1.965267134;2.194203181;1.749758338;1.392768229;2.074905906;1.172106965
1.133600342;0.703575401;0.417350116;1.343317605;1.233157171;0.26393679;-0.965274662;-0.487809623;-0.753338922
1.060629969;1.985986614;1.456312569;2.620413986;1.707505471;2.159449421;0.267541294;0.354818991;0.038783015
0.592686256;1.280895518;1.235856782;-0.681685325;-0.979933298;-0.857355073;0.020983692;0.625570033;-0.152370294
0.408464185;0.988254161;0.152526813;-0.154607084;-0.257531257;0.111018504;2.399532807;1.637529129;1.233392044
0.246996776;0.573628204;0.096620749;1.510243115;-0.054601486;0.398308513;1.301202662;2.072951678;1.233958865
1.024816984;1.111850179;0.981026666;1.874605799;1.662763246;1.505989111;0.201413077;0.488044697;0.412516459
0.139417888;2.00384029;0.668619542;0.270151147;0.149917912;0.273215229;1.361301658;1.199982767;1.165607878
0.249416056;0.561542129;0.193435088;0.180601342;0.883246074;0.069026087;1.32386478;0.322700837;0.273048273
2.243358472;2.55567647;2.065546252;-0.271506941;-0.121630719;-0.369400541;-0.165308798;-0.621138418;0.285944769
1.939643691;1.86379182;0.655549459;-0.156584708;0.91801199;0.875591267;1.387942224;2.537664833;1.442303302
1.378775762;0.689430352;0.099716773;-0.071882916;1.193775445;0.73811196;0.688170673;1.381009892;0.265095599
2.118072536;1.806066031;1.469219364;0.958306715;0.531502108;0.077570461;1.469386327;1.303543641;1.391426261
1.406738044;1.768804879;2.08568207;-0.654232456;0.302591821;-0.467309095;0.17239913;0.426926602;-0.682201248
1.023371076;0.530497996;0.49399566;1.740033663;1.833418363;1.08540164;0.233073749;0.265800323;0.366588134
1.758523499;2.813550572;1.723442076;-0.714636996;0.228620347;-1.057880195;-1.17627597;-0.488039946;-1.259555593
0.815962366;0.623230869;0.083521934;1.56045205;2.055683203;1.75434555;2.20482381;2.723892597;2.935021461
1.089816327;1.000371515;0.972926769;0.904579689;0.929819897;1.394384149;-0.990939223;-0.317481748;-1.141417683
-1.236171546;0.423939246;-0.824868571;0.215982577;0.655160729;-0.657872407;0.46564473;0.806860176;0.748743336
0.657419819;1.90704703;1.588245686;2.089945639;2.72998078;1.503218584;2.473504987;2.381507495;1.880295792
-0.728251273;-0.648057473;-1.235632851;1.864900568;1.794563856;0.496456013;-0.45768889;0.655865852;-0.206269818
1.812654541;2.179728529;1.442844034;-1.161346672;-0.530074162;-0.400860529;-0.764848266;-0.027567381;0.686472765
1.902254081;1.727476984;1.847136635;1.74019137;1.001208814;1.216282053;-0.697792297;0.192113217;-0.642455795
3.072580793;3.345317742;2.545928454;6.853630218;5.726598221;6.538335146;1.142916925;1.718012415;1.312810039
1.545237852;1.304083903;1.236586818;3.05667681;3.072603683;3.721349775;1.55625447;1.463704572;1.22121748
-0.862672889;-0.206151423;-1.196333326;-0.240651207;-0.071451754;-0.443602997;1.77402016;1.878800628;2.077179572
2.332503941;2.184511003;1.570859712;4.650585123;4.951337992;4.704999384;2.720803898;1.623380582;2.330506353
0.207902565;0.969564143;0.169306437;0.129417887;0.532909799;0.696907009;-0.821021651;-0.910718532;-1.124206064
2.837143191;2.539452636;2.232445104;-0.378316636;0.358036549;-0.953775563;-0.166228846;-0.065416358;0.01276766
0.256387805;0.557945332;-0.259537359;-1.221039324;-0.158196665;-1.557520194;0.816891703;1.153675778;0.297820946
-0.662769444;-0.032101564;0.249949279;0.87738137;1.311535917;0.983542129;1.508630371;1.290388958;0.821206631
1.267133033;2.133513134;1.795976196;0.62422056;0.562889523;0.076720138;0.727314109;0.940349565;0.748442543
1.292953961;0.517307213;0.832807116;0.702696829;1.701614152;0.793153335;-0.360822867;0.813496826;-0.374938409
1.198400987;0.9097887;0.592955903;1.744597436;1.652798251;1.281401056;-0.88167712;0.359434687;-0.279997494
-0.293253499;-0.523845226;-0.400100362;-1.768782475;-0.832097662;-2.147161502;1.07775585;0.849984242;0.447624269
2.795827012;2.251903756;2.5097691;5.598903268;4.490189566;5.671703259;3.443370424;2.710039158;3.187140476
0.382745954;0.769048219;-0.172444737;0.812608206;1.322236111;0.578933684;3.101699184;2.955948589;2.975943267
-0.258287015;0.487996692;-0.60690001;-0.739801186;-0.11773667;-0.958420659;2.368481501;2.055444605;1.936349621
0.832947029;1.347522476;1.834003999;1.673903785;1.068339756;1.119779941;1.276942218;1.44469429;0.489872546
0.76493501;0.56001427;0.621058585;-0.941953918;-0.240283061;-0.785103284;-0.795009576;-0.428300509;0.057680406
1.804947488;1.55716425;0.735921759;1.653674957;1.658727931;1.523496738;0.305428433;-0.179921548;0.384743221
1.026222803;0.642081579;0.904649805;1.634273275;2.207228503;0.998424871;0.401740246;0.669360707;1.097404034
0.314991617;0.892416739;0.499760217;0.696122956;0.589933537;1.430964308;0.550085099;0.051146499;1.603897282
0.930561203;0.544007678;0.305227134;-0.301845946;0.577690844;0.328402008;0.387063383;0.917799254;1.366215743
2.297444434;1.937533492;1.46434079;3.559904709;2.865605987;2.920948939;1.167715109;1.862027516;1.218997606
1.197446167;2.253109219;1.86788546;-0.391160638;-0.458654215;-0.423797113;-0.269326314;0.831463503;0.485937468
-0.52319393;-0.207610368;-1.064910815;-1.218919316;0.178270712;-1.311413951;2.022802074;2.224298302;0.956518324
0.968719057;0.698656523;0.760467207;-0.432828779;0.58060242;-1.002905962;0.401008251;0.53986695;0.619141132
2.028576843;2.733496338;2.896258404;1.991797897;1.439293244;2.256038865;1.335665006;1.22132869;1.790068885
1.641658375;1.425358607;0.992437727;-1.02987331;0.438542854;0.340754893;1.146016483;1.17796465;0.532178342
0.936198297;0.516948335;1.2954132;2.630230637;2.551880587;2.39732402;1.129461042;1.551839256;0.943326337
1.012031496;0.906470603;0.639252941;1.03316786;1.323452494;1.405837852;1.634006816;1.965041487;2.039130951
2.365284671;2.24455088;1.581088528;3.256633587;2.146517945;2.870714032;0.709418382;1.485421131;0.982888058
1.983016641;1.311756392;0.945673617;0.932360888;0.52462217;0.506903683;0.809745635;0.676334908;1.167914804
3.100386046;2.665102635;3.060569929;3.080356008;3.303587821;3.546186503;1.461354182;1.466554012;0.896501724
0.124909184;0.292527696;0.016447023;-0.885459761;-0.010012895;-0.793944341;0.957464032;1.446339973;0.275416725
0.622414497;1.186106789;0.060440528;-1.650103388;-0.284228953;-1.663905749;2.046991166;1.490988582;2.062002428
0.272915126;1.062429564;-0.227535998;1.080515887;1.168612749;0.551949214;-0.182229002;1.148146445;0.519647333
0.358178925;1.108514323;0.018533839;2.664280421;2.774093122;2.860630137;-0.035260048;0.299974343;1.126091826
2.597209639;1.941720372;2.171750225;4.596093782;4.544553058;5.042021008;2.276909901;3.612881636;1.590235085
1.082130055;1.184930148;0.536163402;0.528652362;1.480585587;1.613610395;-0.556542756;0.398678525;-0.59757173
1.040202224;1.733839115;0.137470341;-0.229076011;-0.051691257;-0.161858159;0.83167815;0.866851067;0.231909467
1.977575251;2.003966668;1.7847982;-0.90142811;0.306646514;-1.008913613;0.402643051;0.497681733;-0.962337575
0.943346498;1.550065044;2.467462635;4.713759098;3.4296723;3.806300628;2.577346123;1.899107638;1.459618745
2.832441339;2.981852952;1.507748341;1.36004316;1.913667232;1.586829795;0.207599362;0.30649793;-0.143905391
1.674540093;1.696991555;1.784478453;-0.540757498;-0.336981855;-0.426961685;-1.485163335;-0.449499697;-1.090904713
0.293999436;1.046127363;0.202810864;1.098959562;0.724248765;0.013686471;0.29171166;1.341186872;1.440722059
-0.439445364;0.29941542;0.004229215;1.961300339;2.116600753;1.644534942;-0.256374214;-0.587807459;-0.672882829
-0.101177766;0.433184287;-0.223000815;0.709229809;1.510560067;-0.063367603;2.056629356;1.706808413;2.063964613
2.232578178;2.276465572;2.406487626;6.297442217;5.725958423;5.572240524;2.409183369;1.702305869;2.608366311
3.22597778;3.033413495;2.686953483;-0.605798185;-1.03239905;-0.816220044;-0.601227459;0.154588664;-0.143899817
2.341171083;3.257008842;3.250932069;1.938777123;2.141248243;2.208111626;1.843344369;1.60902988;1.900576462
1.946767598;2.118645538;2.149147611;1.708637278;1.288378572;0.98677054;2.068618219;1.771807676;0.991559194
-0.041267087;0.099516438;-0.184929434;-1.424785749;-0.540591701;-1.677690917;0.808412611;1.263820645;1.297247743
0.611667849;0.9656962;0.230515618;2.137047292;2.924424787;2.528832103;1.713460599;1.240152226;1.295828569
2.868856046;2.742821987;1.837655622;0.582638231;0.700020723;0.336788951;1.217470306;1.175681754;0.959908798
0.749584415;0.761773501;-0.245915305;1.346774984;1.481264229;0.913724278;1.483802555;1.470327753;0.88093999
-0.554885933;0.722328979;-0.205187393;0.350489248;0.288801568;0.220740704;0.455383813;0.620318546;-0.106391913
1.56805958;1.631059134;2.02059749;3.127190762;2.706846268;2.181744381;1.638257867;2.275684185;1.95157582
2.234316504;2.171152634;1.96460283;2.308142422;3.141670527;2.61381759;1.150429807;1.905221988;1.836225155
2.962843454;3.123587812;3.048974807;5.238441517;4.518662817;4.633547021;1.889030203;1.251864765;1.851644618
-0.026942775;0.181170148;-0.200248403;-1.874736463;-0.897851518;-1.120987398;1.233004223;1.162568239;0.818732295
1.302612647;1.500444925;1.003157441;0.903832243;0.801835025;0.495063173;2.235084535;2.38226624;2.253203853
2.750854218;2.717850174;2.225897799;3.886552352;3.846542456;4.325308649;2.564033337;2.83078743;2.129418324
1.341178227;1.594119078;1.559813032;5.040349511;5.565366895;4.846966084;2.837238345;2.532803351;2.521087198
2.802775388;2.066279292;2.606375908;5.084944153;4.058807558;4.425391103;2.688256476;2.799853162;2.761890936
2.794777121;3.686380961;2.91245123;2.625575333;2.773974191;1.859618905;1.328311249;0.691332828;1.040154924
1.188429154;0.850518475;1.039985243;-0.215658701;0.144439516;-0.014272245;0.744571114;0.960790077;0.586446827
-0.184878634;1.449863472;0.960586531;-0.353405049;0.305190819;-0.137907359;1.300710817;1.414834299;0.919425431
1.923317026;2.162284883;1.946292298;-1.285349943;-0.364444272;-0.771411347;0.635642355;-0.209518137;0.015357697
3.074922178;2.382283142;2.250259452;2.858844386;2.610119683;2.399488962;1.086331219;1.349522054;1.439269107
-0.156226473;-0.343608842;-0.82587195;-1.54194459;-0.679505284;-0.35477539;2.096775419;2.373907593;1.74692326
0.959631972;0.577535634;0.680966913;2.526623512;1.94166859;1.940414575;2.982105948;3.06749667;2.30860155
1.827748978;2.719625127;0.7681039;3.102231615;2.525303546;2.214719692;1.42210924;2.149140063;1.281074935
-0.071852753;0.030953357;0.180434655;1.422374179;1.603794344;1.464489004;1.548778508;1.106439124;1.482910493
1.88223519;1.369017464;1.460724863;3.958921275;3.178825557;3.362550386;0.885394598;1.736145091;0.797750896
2.404821212;1.652682784;2.758152478;-0.14436679;0.328091854;-0.083505742;0.616734997;1.161124566;0.17895325
-1.189325051;-0.28157298;-1.251482751;1.46232784;1.309178458;0.831599314;0.54997896;0.439556497;0.163160213
0.968711032;1.490984894;1.849428283;1.821432863;2.431961816;1.308731139;1.382917348;1.533412111;1.824423234
0.60394708;1.719881747;1.126927627;0.315479415;0.279337632;0.079480532;-0.444769002;0.041826247;0.343504116
2.226546829;2.041589008;2.171110177;0.474544233;0.561748902;0.699942106;0.630023928;1.411804801;0.340507779
1.540622878;0.801304614;0.947411766;0.808429795;0.574213649;0.995673745;0.768203743;1.505522004;1.058655107
1.073028955;1.363908191;1.495914787;1.18875779;1.587000465;1.550645816;0.482597574;0.791786797;0.657235145
1.049519736;0.711561111;1.331674956;0.353422815;0.709169331;0.268324197;0.79903176;0.686360719;0.43414082
-0.088689228;0.43083583;-0.496961509;1.626789353;1.714905013;2.147637454;1.095651356;2.049109723;0.79673613
0.751155652;2.136400361;1.862094474;1.464590512;1.326902685;0.415922944;0.008512447;0.414408799;0.092086552
1.40676902;1.068795998;1.344057189;2.241421256;2.667276081;2.53980469;2.752546049;2.310067488;3.290398547
2.534058525;2.050204673;1.241474927;-0.460041869;0.154217307;-0.869768628;0.667342547;0.760297647;1.050809639
2.436473047;2.947524377;2.541569212;4.082942389;3.66791284;4.049645693;1.377016233;1.165992795;1.267070851
1.234608812;1.116899499;0.632232878;1.980739486;1.776225409;1.587563327;2.393915017;1.724743425;1.158473807
0.274865593;0.502053209;0.03012412;-0.435343857;-0.070735478;0.060322232;1.593927363;1.834310734;1.476847502
2.957796159;2.538061248;1.771141021;2.207025393;1.292899137;1.900811792;2.000307597;1.515318114;0.545212721
0.678100817;1.132077748;0.776920669;1.141091932;1.130317211;0.561016391;0.722465503;1.821232319;1.409024536
2.830646734;2.350007593;3.203088692;3.537861313;3.752920481;2.617663697;1.063587532;1.58631146;0.876406501
-2.380956712;-0.172316012;-0.981457223;1.149160225;1.227866396;0.856469408;0.006884291;0.997194228;1.039054753
1.98800074;1.28188698;1.398763637;2.012077244;1.396756037;1.651475484;0.880556108;0.742711414;0.053518023
1.700150699;1.822703658;1.050650127;-1.184059662;-0.906855148;-1.309000408;-0.554630473;0.070580323;-0.917273422
1.110107113;1.202832185;0.733480357;1.250240031;1.486925775;0.56914198;1.421673112;1.39066294;0.351534929
1.645092762;1.557132616;1.953604962;1.405322293;1.517675038;1.254797002;-0.008645977;0.366994169;0.925071697
0.240890733;0.791417952;0.276608204;0.648285423;1.633660554;1.445608675;-0.452346024;0.205832923;0.074245363
0.439308189;0.938282872;0.308580937;1.321875418;1.585177499;1.179565181;0.101100091;0.097652839;-0.531779256
2.6497833;2.014127811;2.464448697;4.700555424;4.115358897;4.320493961;4.099881373;3.546396291;3.243198199
1.590572792;0.939832147;0.147682988;1.973592079;2.388024912;1.718099023;2.416907095;1.747834292;2.522272332
-0.41962718;0.64066026;-0.797931507;-0.439564224;0.460600692;0.086297736;-0.657297244;0.264028354;0.43507755
-0.418021077;0.022280362;-0.061700316;-0.297849751;-0.067399589;-0.267315649;1.472974249;1.684497694;1.450854348
0.710139989;1.514137725;1.543583418;0.406720942;-0.369313003;-0.491521169;-0.605826906;-0.046769723;-0.523069968
-0.909479243;-0.265566401;-0.304298809;2.427354381;2.428013481;1.909930708;0.355107097;-0.094735582;0.11811985
3.030453644;3.571684227;2.772741566;3.119199942;3.239064886;2.628272711;1.292381688;1.277339222;1.492402875
2.484012621;2.108964434;2.355947132;2.939729234;3.177792334;2.339032194;2.152698615;2.351638688;1.736744433
0.228334201;1.455098127;0.468449828;0.208227323;1.135677156;0.341605482;-0.291156774;0.830624328;0.351646508
2.084282154;2.430657618;2.174126027;6.465113924;5.526135325;5.222347855;2.597278853;2.400049556;2.447212803
1.478130036;1.365364959;1.125053443;0.354370834;1.715306264;1.083903616;1.332531806;0.891679978;0.478412915
0.638147337;1.580219298;0.682955603;1.780729112;2.102559119;2.831570814;1.383609457;1.443850925;1.125122224
-0.968215562;-0.177610683;-0.661385055;-2.849882166;-3.235314574;-2.179291192;-0.49455006;1.576057102;0.813591255
-0.018668848;0.544478873;-0.026875767;-0.174339086;-0.305165471;-0.452026433;1.016612164;1.781259804;0.805584107
2.598092284;2.319288089;2.320241892;2.959056483;2.487577837;2.41856439;0.661485096;1.186891201;0.629336712
-0.935164335;0.464500961;0.372033612;1.656619044;0.821464938;1.771837645;2.363794528;2.710073919;1.81701595
1.166795459;1.365938288;1.156485585;1.182247102;1.24966922;1.006915663;0.391345295;0.388409377;-0.309225308
-0.12583432;0.34434882;0.000373775;2.057708089;1.400330267;1.697880655;0.995129326;0.114966558;-0.384631443
0.523843912;0.483619912;0.658391866;2.923512903;2.19782318;2.038825786;2.813343117;1.888894817;1.799411894
2.813072758;2.269916227;1.45694598;3.83402927;3.415358061;2.901180609;2.250515906;2.220777017;2.826882932
0.881385382;1.331915996;1.030423954;1.543388493;1.005788463;0.795122155;0.519424355;1.079190905;0.342977419
1.580664339;1.807614382;1.230868495;2.073497388;2.18223859;1.209611491;-0.390856071;0.487808198;-0.30323066
2.603016561;2.819395002;2.651604496;7.297992829;6.050795996;7.59837161;3.816111748;2.740674546;2.909835293
1.835741117;1.956220044;1.122740145;2.071561252;1.806807238;1.692916882;0.480710305;0.435533858;0.282917926
0.607455145;1.513647462;1.088992159;0.659116539;1.004147717;0.834964401;-0.220648809;0.201188651;0.046090134
0.869637291;1.020777046;0.274190486;2.795952483;2.295896683;2.265039563;1.440929942;2.015522212;1.059787515
-0.18826856;0.145183497;0.558773173;0.928902914;0.504693733;0.654517148;0.030918601;0.590553313;-0.041545815
1.23380554;1.319584945;0.853836334;1.03856364;0.446936288;0.812733123;0.696591572;1.362133193;0.346818648
0.219458014;0.736116303;0.420998207;0.806696701;1.173599351;0.711228707;0.894267598;1.71679358;1.424628286
-0.406390074;0.337148644;-0.111116369;1.652212894;2.103117045;1.209163702;-0.024572511;1.334494134;-0.095585588
0.237608764;1.536986881;0.881044584;0.49804919;0.995002059;1.007116521;1.293277003;2.373363521;1.459104452
0.358391567;0.882365157;-0.110259952;0.569782663;-0.046021639;-0.492328884;1.079206815;1.809278929;0.680949516
1.125008278;1.141732131;0.75333369;0.053554003;0.921298293;0.363312022;-0.165246672;-0.200220575;-0.620975263
1.246177803;0.697747132;0.53415911;-0.621198941;-0.853128828;-0.789059071;-1.116997392;-0.729672016;-0.271060823
1.388889173;2.242455773;1.071474899;4.092777074;2.904672455;2.196933047;2.761946712;3.167554329;3.237972342
-1.042362777;-0.498566236;-1.114965265;0.735540564;0.544592379;0.796328113;-0.421022677;0.415603167;0.18949289
1.427162204;0.677198259;1.311701048;1.269998934;1.415695073;0.786696739;1.167522014;1.255379718;0.380866247
0.37493501;0.528762052;0.357611218;-1.078308012;0.049231741;-0.932425823;0.658945392;0.104050488;1.110508854
0.999116571;0.582242945;0.826002261;2.12630477;1.862442596;2.257617537;1.829715053;2.127434906;1.661244143
1.113507517;1.352267377;0.747732126;-1.015745503;0.089218664;-0.121021684;-0.729191444;0.49890894;-0.048370201
1.004695447;1.769842547;0.943753729;0.898050139;0.316398837;0.249047559;-0.680102437;0.319921277;-0.622478972
0.449819678;-0.146349611;0.070322932;-1.252316692;-0.179883592;-0.080662077;1.340155192;2.514781206;1.546405842
1.326897393;0.782790842;1.235445537;1.81231946;1.888001964;2.128980533;0.276356211;0.587350008;0.531594173
2.016235712;1.589146552;2.253228456;1.166558559;0.684098037;0.004504108;-0.314001441;0.645932804;-0.289857223
-0.105003234;0.062460889;-0.367277105;-0.525060583;-0.587935464;-1.38220316;0.303010435;0.92854473;0.109904861
0.592475768;0.424097522;0.150829936;-0.148471851;-0.397534439;-0.186247841;1.676296094;1.899146059;2.678902604
1.27084924;2.091392996;2.211584835;0.296378733;1.23289228;-0.222198649;0.902789751;0.127665959;0.360531682
-0.546951271;-0.651238665;-0.880455232;1.293087195;2.978525792;1.182047829;0.86730331;1.390081396;0.316011651
-1.064701913;-1.144599879;-0.942380388;-0.009548966;0.940990426;0.310235419;-0.091233953;0.083943517;0.044708596
2.012566999;2.018280066;1.770436988;2.617104023;2.139477642;2.350728166;0.580045547;0.973546464;0.809544452
-1.444035528;-1.065243016;-1.421423648;0.325152255;0.471677059;0.805694709;1.054235983;0.976278428;0.308767558
1.935580792;1.505231923;1.668541663;2.986219008;2.498704731;2.030979783;1.541429135;1.308207727;1.694573272
-0.086710216;0.306251118;0.019662603;0.236078877;0.841095068;0.443610145;1.584501706;1.552658778;0.533851368
0.760907272;0.592514242;0.583110669;1.288765971;1.032952686;0.37478614;1.457529009;0.854551807;0.830290397
0.202532988;0.959168601;0.497123667;-0.275110167;0.28416119;-0.174806056;1.667106423;1.403321151;0.867925532
0.248261548;0.495887651;-0.453522403;1.877808305;1.187279094;1.006302571;0.469547253;0.607248507;0.465173337
1.528261346;0.294225665;0.393947708;1.455057856;1.285558907;1.123980672;1.37161433;2.300774885;1.591336955
0.263458227;0.898785087;-0.161859546;0.336043246;1.171310376;0.18879543;1.498436125;1.620449404;1.821510391
2.104177206;1.612215185;1.44066421;3.20996347;3.388188747;3.001895989;2.430413752;2.803467262;2.994388277
1.129662298;1.52690962;1.732480106;0.141455037;-0.06974569;0.580391589;0.827348186;0.935869179;0.311908967
1.191769171;0.846148941;0.499007872;0.092979618;0.933228827;1.020183431;0.936368645;1.017258215;0.783238282
0.166418236;0.589945652;0.790640736;-0.74001329;-0.449852969;-1.623306061;4.079364229;4.116684982;3.55995797
1.347629386;1.197871817;1.277027903;1.440737175;1.244660286;1.4042501;-0.16808141;0.807719727;0.161476043
-0.894963509;0.352413815;-1.322302708;2.588743401;2.455498619;2.49731796;0.674446234;0.656812062;0.40330149
-0.910488321;-0.710208329;-1.123609906;1.021611075;1.771757487;1.573993168;-1.124546309;0.02175347;-0.918477925
1.670919628;2.311966603;2.379631376;0.635009315;0.920824444;0.509241481;1.606009707;0.77873644;1.222038402
1.785305124;1.655287636;1.0938068;1.16092094;2.000383331;2.05090724;0.696721084;1.19468346;1.263817091
0.118418979;0.178611442;0.359790875;-0.34302326;0.800443724;0.556628458;1.185987902;1.718632941;0.970805147
2.049894678;1.974523908;2.711795392;-0.841666885;-0.712067116;-0.98218538;0.177928772;-0.261399309;-0.516035071
1.221117695;1.139140105;0.977553175;1.732522891;2.938322987;1.103970627;1.907608055;1.986034378;1.010079607
1.70125055;2.013072375;0.771129382;4.285129922;3.84920172;4.664429933;3.73210132;2.906804886;2.816682885
0.918125778;0.882842861;0.406101355;-0.800020394;-0.16965033;-0.588589682;0.119278177;-0.094246328;-0.287636185
-0.127791916;0.245571473;0.269508241;0.224695153;0.547696523;-0.24447407;0.682002534;1.094073429;0.514272444
-0.674368199;0.165416232;-0.238221237;0.744711668;1.280368615;0.494084749;0.774110722;1.186814147;0.728803848
1.008750582;1.259112483;0.96287694;1.381884635;1.351212205;0.890451414;0.765562378;1.105733396;0.920346271
-0.256874709;-0.027212503;0.714912675;-2.507593745;-1.034396579;-1.572122474;2.712626486;2.714723418;2.710278953
-0.069781726;-0.122876227;-0.787218456;-0.384060219;-0.287356205;0.124615597;2.211466869;1.526529924;2.257322273
0.055431383;-0.379801051;-0.240974587;2.014858661;1.745445975;0.733220071;0.782844712;0.856347077;1.073592074
0.950203458;1.677717212;1.733064504;1.352198575;1.643221266;1.807743245;0.899572713;1.205496406;0.211030113
0.476902249;0.895240767;-0.038893069;-1.144760979;0.159476381;-0.616885072;1.454488243;1.156535438;2.17995771
2.60021518;2.207833272;2.11740286;0.39104859;1.041148584;0.673833337;-0.478860531;0.586826933;-0.360833685
0.440854473;1.026357073;0.088097993;-0.314970541;0.359907359;0.196062139;2.257166739;3.057221186;2.230228608
2.752260613;2.711744435;1.830500853;5.526669794;4.675398307;5.167271852;3.55029798;3.971613908;3.129353375
0.069335773;0.178249688;-0.198955639;1.934356649;1.460953351;1.597618172;-0.460648427;0.256324084;-0.607899346
1.283857417;0.549891277;0.849876487;3.408386182;2.280398733;2.892797961;2.24720771;1.87023437;0.862840581
0.323923355;0.925078018;0.843976039;2.520264303;1.945649369;1.998235118;2.481089375;2.701225622;1.427226321
1.644034527;1.98580151;2.339658962;4.670413183;3.509823777;3.663518964;1.584700804;2.265742146;1.342364167
1.721651205;2.255555659;2.40416895;1.99819217;2.122235836;1.729703447;0.86061205;1.283004848;0.009416392
-0.832346853;0.348106291;-0.64185474;-1.558661346;-0.700412942;-1.765810294;1.915306754;1.556329791;2.449042312
0.817589132;1.669616304;1.838243546;0.688010289;-0.343372507;0.29781583;1.719766875;2.205482215;2.255830964
1.054763313;1.162414346;1.628633275;1.472760728;1.95124608;2.093564586;1.642592241;1.942411783;2.625796719
-0.460714891;0.394244837;-0.6919049;-0.815588592;0.356696054;-0.537839033;2.159456501;1.647907979;2.279652631
-0.01298874;1.072138018;0.582060478;1.142306194;1.12821415;0.924185619;-1.134937096;-0.837278944;-0.329405303
1.45518761;2.692603067;0.785162538;0.606171409;0.81267849;1.450913026;0.087157155;0.067383552;0.080567914
1.704024633;2.037309298;0.709534298;0.588730587;0.81481142;-0.21883294;-0.450864095;0.972529117;0.184185802
1.554022913;1.92481744;1.293576588;1.814147476;1.905390179;1.152858054;1.437792326;1.978620076;1.104922153
0.119673977;0.344235033;0.229647063;0.814580395;0.573960428;0.678930993;0.209137872;0.701111434;0.963515482
0.861531958;0.849962602;-0.128125992;1.893473547;1.244984209;1.860273479;1.230541326;1.257540765;0.467325714
0.991732746;1.000624471;0.216116213;0.4998113;1.33829854;1.526236876;0.837191969;1.681826057;2.01216998
1.069628284;1.396106651;1.327719008;1.661672724;1.285544116;0.949168152;1.642624842;2.300436024;1.64912736
0.379734706;0.832708847;0.861480233;0.106624784;-0.843698077;0.043819348;1.310934026;1.05003074;0.553247358
2.012048642;2.225985933;1.997076794;0.375315262;0.373108816;0.036797653;0.736127698;0.45958094;0.300562832
0.855837751;0.646420727;0.985258922;0.978193344;1.085365351;0.693125661;-0.120520408;-0.162449521;-0.166873714
0.88346498;1.649777167;2.176283515;0.826822136;1.327851391;0.618529876;0.788471087;0.432801644;0.446443203
0.142713458;0.907419224;1.16255218;0.575679133;1.484146415;1.743123327;1.584420419;1.379153864;0.740615442
0.680235793;0.290856271;0.069866463;0.160568737;0.293796185;0.531583544;2.117856024;1.904029596;1.173614731
2.685465233;1.973185564;1.886671424;2.167971948;1.420166438;2.613960228;0.341773138;0.677447975;1.072317502
-0.006946927;0.703692026;0.123294987;0.585186258;0.382857769;0.776489433;0.003123612;-0.476273756;-0.495467936
-0.421149994;0.652138853;0.477033629;-0.467144352;0.555578205;-0.156444126;0.007341137;0.707910198;0.64817902
2.768143055;2.864340482;1.982051648;5.180035893;4.841651095;5.762668201;1.507291541;2.300279533;2.27863101
2.454373446;1.125491288;0.992886476;1.6205889;1.018921934;1.620530462;1.531462738;1.295319824;0.276772825
-0.391141434;-0.079856514;-0.662606144;-1.454209533;-1.037676769;-1.162458635;1.456784532;0.762392547;1.308509741
0.901651541;0.501421686;0.061106898;1.386393445;1.384188977;1.420400516;1.524787155;1.115476104;0.624684002
1.636768366;1.148912825;1.349867773;3.585769861;2.848665308;3.258174494;1.878233726;1.269885082;1.247424543
0.803504476;0.876050122;0.6032516;1.579359423;1.96233865;1.558081117;1.44995919;1.22503156;1.056342937
1.135580435;1.591241719;1.609820238;0.095586286;0.739050489;0.329124234;1.520828346;1.195088615;0.603386017
-0.084474067;1.066705462;-0.571662979;0.334681394;0.703707572;-0.052566193;1.453420138;1.656254403;1.081696595
-0.230069459;1.035608695;-0.212496627;-0.057763576;0.943055711;0.1151597;2.004976827;1.897773265;0.791070233
-0.626836351;0.106348667;-1.166854424;-0.133908438;-0.055398956;-0.557886558;1.112854684;1.067243633;0.23846953
0.440629718;1.002605152;0.6613272;0.814953774;0.822395503;0.125972808;1.021789404;0.615389376;1.008506774
0.401465688;1.281531713;-0.582371423;2.312475898;2.10973722;2.471086262;1.015699573;1.824756098;1.076438341
1.322865673;0.841929399;0.45412697;0.900404116;0.792025209;0.865043992;1.747364473;0.82943358;0.204422829
1.85347205;2.474989778;0.757217212;-0.969233616;-0.123556771;-1.2493236;-0.178509704;0.241793644;0.117522106
0.60643066;0.979545367;1.564879218;1.578148557;1.766165021;1.794376705;0.775975416;1.034439958;0.783163668
1.961732332;2.349610887;1.779459355;3.702370253;3.874198349;3.104147379;2.793651438;2.584064459;2.593288044
-0.374379347;1.290507799;0.036570862;-1.852218202;-1.157108568;-2.532242546;2.731968676;1.85596244;1.827041531
0.014304707;0.41023129;0.250152211;0.464434065;1.515369635;0.470543966;-1.259683478;-0.547495489;-0.804448602
-0.286140164;1.439664205;1.524012094;1.601245791;1.7169194;1.816587986;1.11094993;1.179347546;0.899412593
0.360134436;-0.018493692;-0.206451124;1.82754293;1.277036712;2.347720489;1.042077218;1.200814194;0.369401643
0.072310408;1.196271317;0.895405976;1.576454214;1.574034263;1.103193006;0.793142978;0.787528471;0.401974618
0.541901711;1.272182823;0.933590401;0.841571544;1.163443976;0.6812358;1.523779465;1.16176353;1.253777992
1.344058771;1.542629874;1.098597258;2.151816201;2.418791701;1.708957051;-0.491586938;0.983934604;-0.039577791
1.296556897;1.245783731;1.902869397;1.971634574;1.634561448;1.956057709;2.069819862;2.345311123;2.803641818
3.895832162;2.917876681;2.37584017;-0.236476698;0.05805364;-0.166477329;0.489643537;0.9000339;0.252934825
1.403651877;2.160087321;1.308697106;1.682749995;1.285529011;1.785106751;1.272689888;0.818204481;0.676604195
0.138201093;0.257966761;-0.40864872;0.686384657;0.872733153;0.327489359;-0.571954591;0.493210863;-0.107574329
0.290916106;0.553041429;0.566306342;-0.808638742;-0.595985819;-0.474047546;1.492884676;1.26220729;0.90976107
0.385067952;0.471065699;0.03646048;1.217972745;0.767925784;1.283540461;0.304375729;1.912860912;1.111392328
1.660196689;2.023969954;1.051955491;1.070104919;1.096333519;-0.156327252;0.229228725;0.830419707;-0.525866811
0.911069384;1.034001176;0.28376942;-1.724542294;-0.569028244;-1.007171508;1.060328215;0.950255882;0.654588274
3.358023173;2.700266799;2.928011704;2.57773168;1.791237429;2.472355636;1.47978545;2.236669141;1.218780771
1.431833822;0.600601039;0.727416795;1.858881479;2.101321912;2.116120632;0.881828072;1.271555702;1.059042172
1.138779896;0.718794428;-0.08327364;-0.4647552;0.906887907;0.705673793;0.616252822;1.48903306;0.785489781
1.294254962;1.698052536;2.334887725;2.352618165;1.896774692;1.763465273;1.273092637;0.82380409;0.134037183
-0.251131701;-0.399795645;-0.381378963;-0.186994636;0.186354282;0.11473301;2.708177469;1.770554595;1.341261145
1.338083221;1.759409254;1.114070352;1.505915146;1.585872512;2.110333679;1.76842365;1.712562718;0.901329578
1.73507554;1.564122912;0.705116876;2.614276421;2.629505483;2.327734668;1.66650687;1.223144212;1.550538158
-0.67106551;-0.377589584;-1.090080486;3.054161668;2.206590314;1.950816534;1.289226754;2.35478581;1.141128917
2.145439325;2.017858946;1.712915436;0.680562128;1.100212097;0.647681865;-0.775796727;0.184045465;-0.601633551
1.352613231;1.305466205;1.2146447;0.946159615;1.156029723;1.24797455;0.781536824;0.742101087;1.43678802
0.959491325;1.859968471;0.616540003;3.452429148;3.138541528;2.680338862;1.959601683;1.798102874;1.532953859
1.547925276;2.0407207;1.164182512;-0.529893604;0.119333347;-0.084281194;-0.301838659;-0.233380678;-0.358849164
1.198083819;0.815933666;1.602014318;-0.520839773;0.086000919;0.284200546;-0.778630953;-0.090776174;0.105762029
1.2226884;1.695765169;1.431201972;-0.126187352;0.477621688;-0.240729782;-0.799030447;0.165405671;0.485563959
-0.695115327;0.16324137;0.053819295;0.62107745;0.955151317;0.544884238;-0.833682644;-0.278031083;-1.323016542
2.540585391;2.839922298;2.098662441;2.004038204;2.108065985;2.636251442;2.240440013;1.824264575;1.54191242
0.298108544;1.411644837;0.825295982;0.085107822;0.374009375;0.10531526;-1.27905984;0.593019956;-0.753494995
0.434985716;0.973807809;-0.04510298;-2.2743688;-0.433539072;-0.782259973;0.86894537;0.577843962;-0.047736288
1.708373358;1.675137044;1.189360836;-0.433443559;1.026651242;0.69422296;1.20691735;1.275765451;1.267703118
2.094625626;1.988914305;2.04946148;0.473970798;0.403630261;0.843985695;0.612480678;0.391592302;-0.356073712
0.118507422;0.731946006;0.505014975;0.878013954;1.728947223;1.08546725;0.104131668;1.625990229;0.689066496
0.90651199;1.396080129;0.785992906;0.116196601;0.269915455;-0.075570561;0.255220635;0.878081373;0.427799032
0.136849465;0.160760377;-0.021255485;0.385448182;0.015123064;-0.071918156;0.996423318;1.612735467;0.74791581
1.396064073;2.000815719;1.275935651;1.184644616;1.535815722;0.773043993;1.249826655;1.121050346;1.806168897
2.416249329;3.137061216;2.870502444;4.078728483;2.880839719;3.401086338;0.904980743;1.386528075;0.639922752
1.430850032;1.123692433;1.403335926;0.543057017;1.424598232;0.993156161;-1.335098104;0.01902993;-1.11409041
-0.117006545;-0.178602139;0.009361547;-0.203843194;1.506489949;0.446506698;0.313329963;0.839538597;1.130824333
0.365870799;0.26978689;-0.156708559;-0.131861878;0.798865845;0.769523206;2.289469514;1.839727687;1.471431513
1.763470242;1.931911199;1.528424458;0.60402315;1.217845986;0.724332124;0.87559188;1.296962248;0.067377648
3.078120208;3.108094746;2.130150334;5.091293102;4.710094919;3.769638513;1.889990781;2.067303147;1.895819863
-1.777637505;-0.774641053;-1.130321475;-0.866086366;0.228605406;0.499355604;-1.011220395;-0.191898941;-1.345537084
1.454062064;1.325712236;0.205908571;1.222316622;0.754031899;1.557162376;1.024817769;1.51040147;1.121630197
2.371948613;2.650441275;2.866324007;4.486014883;4.217844022;4.869309545;1.572104161;1.573540686;1.967457029
1.889350879;1.773018669;1.850577055;2.635297828;2.51635785;2.862406195;0.447361166;0.976011303;0.627210468
0.533214396;0.765959024;0.748408215;-0.058767672;1.61064738;1.528757326;1.168014137;1.296361076;-0.172485404
1.634481183;1.666484741;1.561868115;-1.530152538;-0.13762558;-1.446818217;-3.219792985;-1.120280565;-2.282508209
1.921940502;2.260031217;1.016266845;0.499267498;0.947152011;1.224080029;1.036655751;0.838235246;0.586765105
1.131932403;1.465231152;1.421795314;-0.091242076;0.436380881;0.219105803;0.298803937;0.743650321;0.487524251
0.504833623;0.684235703;0.895116807;1.951717902;1.185461638;1.629913907;2.641523181;1.36627079;2.52144749
1.162018803;1.789623579;1.141049628;5.353428768;4.390837416;3.999287533;2.810343856;2.714959628;3.269378807
1.905617516;1.222023807;0.113716594;-0.122258843;1.043482635;0.905098864;1.485394081;0.90193625;1.248088274
1.027060242;-0.030292935;0.858663954;0.655781305;1.023109985;0.617513449;2.380219885;2.99702703;2.324364125
0.720659546;0.411315208;0.018870836;0.966228665;1.537802896;0.381124997;1.090359033;1.490842301;0.362430209
0.762580571;1.009935333;1.218604666;-1.244707845;-0.936388653;-1.755273742;-0.113581473;0.440347431;-0.178857861
1.13248105;1.166165774;1.610116246;0.289555141;0.016968054;-0.194631983;-1.656618009;-0.321711984;-0.220721384
-0.215406729;0.376180049;-0.148629094;1.535321754;1.522540816;1.058233879;0.440060329;0.947653434;0.112414691
2.387180463;2.172823898;2.566044432;1.542401884;1.813001448;2.506472628;1.3460309;2.051686399;1.901222356
0.916819136;0.560105969;0.483190815;0.103845831;0.650157093;0.285667833;1.120727056;0.268540281;0.602697698
0.802308396;0.662926988;0.87784385;0.994152793;1.661631124;1.484939065;1.107047083;0.7714016;1.122311145
1.488484064;0.843659668;1.038423199;0.524523939;-0.455170571;-0.92038269;-0.314991966;0.354634527;0.173928418
0.307668749;0.990142269;0.578654396;-0.693501518;-0.23579982;0.027260117;0.399454881;0.699113363;-0.540831377
1.548908689;1.406645805;1.329745965;0.539245844;0.805953796;0.469140395;1.87733105;0.488259304;0.962504377
-0.594108472;-0.505060462;-0.090063251;0.27582212;0.171646786;-0.097436584;1.253342553;1.196664394;1.580474651
2.191742955;1.619578569;1.313177826;1.432007594;1.110814488;1.740078664;0.572042927;1.712526303;1.586826714
1.625742838;1.269609561;0.490597598;-1.168658191;0.256906033;-0.821326024;0.392386469;0.494793511;-0.177311703
2.233887113;1.306481126;1.680651226;3.242823389;1.947287643;2.798208123;2.68511311;2.182129132;1.618653344
-0.031619549;0.671813707;0.274163869;0.874741573;1.541605754;1.005288491;0.222557476;1.029791044;0.660199877
1.927746868;1.785553206;2.260804706;1.064401417;1.342261894;0.412532698;0.476485655;1.122745208;0.327372891
1.689696904;2.37692873;2.188325032;4.459506577;3.926877495;4.54374497;2.850368024;1.555197706;1.156357053
0.656212525;1.697861902;0.827044407;1.552762604;2.074003595;1.257019557;1.709162192;1.359959858;1.369147803
2.226946503;2.18452912;2.274071747;2.189889903;1.989269265;1.620379275;1.963754103;1.251228093;0.758246989
-0.04126911;0.422254742;0.440537136;-1.022617101;0.011516773;-0.249544673;1.63430761;2.175302871;1.324429653
-0.085508997;1.48633126;0.932012449;1.259669595;1.037081566;1.947008327;1.501076055;1.938020463;1.504340258
0.929476608;0.93940952;0.292678184;-0.509457813;0.321795063;-0.40058326;0.392634342;0.737519087;0.52642978
-0.205877824;1.076223994;0.350746937;-0.390250909;0.229191518;0.066749528;1.10966349;1.461231425;0.8707074
-0.054803229;0.008982912;1.148025937;2.821377461;2.775242613;0.856254187;0.873736787;1.021272151;0.282569147
1.103296978;0.821200875;0.693621108;1.451184438;0.678845379;1.039431451;0.781197172;0.162593293;1.153721428
0.793551546;1.351626674;0.328056577;1.441333888;1.250234605;1.285764919;-0.008394457;0.848423263;-0.246573078
1.809855965;1.166864865;0.694293331;0.878293241;0.965854457;0.79858699;-0.617985382;0.809960014;-0.302822584
-0.241229708;0.085125784;-0.188482283;2.323284386;1.148610653;1.625605526;1.596623572;1.957256953;1.666692145
1.690765369;0.94497796;1.172498717;1.114468404;0.898195949;1.048412179;1.216227269;0.517055704;1.217248803
0.861798207;0.32128093;0.51638458;-0.485861971;-0.184842219;-1.079718587;1.503374811;1.500677593;1.925249873
1.595622597;2.348498102;2.300247154;3.443561448;3.094537468;2.872510703;1.627824986;2.301251362;2.081251841
1.311566699;1.903476957;0.66028526;0.609114587;1.386546127;0.747095442;1.491554977;1.959170327;0.364594292
1.198605858;1.418930811;1.681126145;1.219914049;1.946807605;1.372339425;1.725276578;1.191767366;0.67322362
0.973609864;0.2382699;1.291215621;-1.178585218;-0.266729023;-0.980533895;0.724659239;0.274527481;-0.027108187
0.179472377;0.818410041;0.685210643;1.365857102;1.973820039;1.013430259;2.251451453;2.707031131;1.287867435
2.738089719;2.233360886;2.203322556;9.583458292;7.376025428;8.315236739;2.998589456;3.486533358;2.952669968
2.48720005;2.062779757;1.296779973;2.519540296;2.469547081;2.199349333;1.412574307;2.161668778;1.566735879
-0.189455427;0.487643298;0.172068647;0.040854673;0.359340059;0.957177282;0.840212051;0.639851275;0.855717849
1.25212144;1.130049003;1.575999896;-0.094691088;0.643738612;0.116515982;1.707236136;1.219686633;1.858612851
1.658184721;0.838805218;0.727514061;3.263637834;2.260077389;2.435111189;1.170071783;1.828010209;0.0901612
1.101921136;1.326645422;1.984748359;2.838457575;2.966476288;2.552233027;2.533122264;2.256054675;1.360111971
0.564251589;0.654064351;0.67694899;3.583554981;2.933542054;2.464891649;2.828673443;3.084812253;2.688405597
0.292847118;0.586912166;0.265609817;0.275863593;1.174856813;0.47654149;1.382216526;1.160755188;0.426976606
1.927735748;1.283574107;2.152504272;2.415228102;2.652698958;2.833456478;2.107145158;2.450230743;1.811091586
1.503333419;1.593208038;1.143259431;2.09449667;1.652115283;1.032173691;1.71168834;2.199670884;1.474956171
1.190473673;1.958344411;0.862007707;-0.476218566;-0.404761102;-0.448809136;-0.710001581;-0.184252392;-0.899241864
1.024137051;0.121124086;-0.025829301;-0.010414136;-0.064006049;0.922677732;0.402407207;0.132635631;-0.401060275
1.358213759;1.640955309;1.715939819;0.351059148;0.22241437;-0.261845152;0.456763935;-0.240845804;-0.4991516
0.921023774;0.665862323;0.555043994;0.326612469;-0.059804694;0.240427088;1.52401901;1.25674796;0.643028519
-0.032324876;-0.008972046;0.27612321;0.111603768;0.297285493;-0.177418912;0.573470089;1.252844209;0.53178871
1.300232825;0.766885756;1.208311374;1.060061552;0.529647477;0.903633957;1.681274691;1.087716678;1.259020777
1.86067379;2.146023977;1.612450762;2.165371983;2.422475296;1.695891679;1.730787162;2.27435112;1.27362027
1.182360926;1.759485957;0.901193403;2.270819319;2.196902738;1.885599464;1.602672245;1.171110212;1.194631429
1.809844302;2.24358076;1.698030852;0.012333798;0.195524866;0.356307579;1.127897194;1.359769313;1.178415275
0.047633824;1.110644309;-0.052291753;0.347041365;1.154235887;0.071746773;0.483175212;0.742409089;1.62715051
2.194069112;2.683902246;2.434725739;5.148363255;4.088251915;4.244780452;2.338421012;2.40187532;2.097860101
0.201166568;0.581171344;0.317256724;0.843340194;0.69288796;0.240876476;-0.329685041;0.023902706;0.661020343
2.02375849;2.799217428;1.46265772;0.648673869;1.873394438;1.178000465;0.436616139;0.941567928;0.685737534
0.444152569;1.009343502;0.195909148;1.774464101;1.295880507;1.929831103;1.448174513;1.881525505;0.713181057
1.722768683;0.913009667;1.559883335;0.34394203;0.745696751;0.487909936;0.572851925;-0.18024293;-0.235601712
0.557690303;1.231191007;-0.087553829;1.954813931;2.278001194;1.171528099;1.015258878;0.981441466;0.195817731
0.846344659;0.307839976;0.22228184;1.43977015;1.378726906;1.101704228;-0.806945954;-0.202994384;-0.260311803
1.119049433;1.659127214;2.036828073;1.17197836;0.81022285;0.510855948;-0.659201614;-0.069868676;-0.225189845
-0.010901083;-0.109936736;-1.60846327;-1.110646754;0.051789048;-0.929155336;1.711270554;1.855138086;0.881225967
-0.278816263;0.081127447;-0.009233342;-0.333377559;-0.60708206;-0.95637601;0.913652959;0.755811616;1.072454251
0.116181328;0.046064519;-0.61607246;-0.32508275;0.180140832;0.582797035;-0.199310864;-0.051116685;-0.810270224
0.075274152;1.775234561;1.248048242;3.096581396;2.919168036;1.547147013;-0.722199099;0.20802236;-0.453750319
1.331076233;0.949500493;0.538021512;1.138272101;2.571020267;1.005842419;2.652739294;1.991095217;1.413340975
0.49305025;1.666986369;0.823225393;1.239343237;1.063952252;1.543315977;1.701972173;1.504873278;0.771375739
1.261015335;2.14719458;2.201474389;2.973162133;2.902640709;3.159849609;2.273559298;2.437836595;1.865366318
0.855252546;1.38921382;0.692220393;3.060627979;2.357486519;2.536831533;1.115162506;1.958351069;1.197688307
2.201773386;2.601554271;1.450834776;4.801352157;3.494147848;4.203035545;3.789792259;2.440071563;2.324735706
0.51130047;0.646614019;0.040717281;0.725617702;0.936533817;0.543952268;1.659056762;2.094785394;1.659974356
-0.804255236;0.265778651;-0.659295964;0.203319004;1.190625806;-0.180717559;-0.67490176;0.021199694;0.659777455
-1.110938242;-0.673000183;-1.098278316;-0.165157661;0.569704262;0.159663539;1.819224355;1.536646646;1.645109369
0.18040261;-0.345576125;-0.555622165;-0.626455575;0.36289634;0.480906296;1.73654233;1.446188126;0.771330577
0.010025693;0.480630941;0.13682383;0.45136112;1.184686912;0.6444292;1.483829778;1.565497249;1.232227133
0.178905419;0.147825856;0.065406027;1.303874696;0.794906835;1.077832541;-0.942266955;-0.429724607;-0.09843504
1.633052745;2.211664656;1.93745181;2.81113585;2.611017168;2.273221273;2.054388209;1.939983842;1.992537435
0.489493337;1.118130352;0.592584455;-1.235874619;-0.0621018;-0.417225782;2.639636212;2.871413642;1.640443686
2.191649885;1.762301512;2.257709533;2.270073596;1.778533548;1.638747182;0.957874665;0.830844824;1.235176717
2.028138189;3.295512647;2.442285464;4.12669885;4.106537894;3.901427828;1.493310167;1.36080282;1.754962627
-0.168845122;0.236680355;-0.376540132;-0.084194984;1.405928527;0.496980563;2.12347276;1.18835547;2.010197131
0.01521041;0.164963401;0.792122763;2.291036752;3.182008654;2.39131959;0.9026752;1.041484393;0.614393029
-0.102003099;0.561064392;0.098616522;1.806113138;1.77606464;1.498942936;0.910275157;0.754451496;1.074377368
0.219714522;1.045491853;0.015456832;-0.119921209;-0.662777803;-1.308952705;-0.055078139;0.618172833;-0.096523942
1.251862832;1.283666748;0.638004486;1.199078257;1.723117919;1.16591702;0.775458781;0.940002403;1.655496208
-0.571755404;0.323966884;-0.357740734;-0.605785123;-0.514974481;-0.728738343;0.712222021;0.75296935;0.045885716
0.3343278;1.050677919;1.05307318;2.01236954;1.994518317;2.163011983;-1.441960507;-0.964766978;-1.494602437
1.279246217;2.307550617;0.937146233;1.143670384;1.229547097;2.343646944;1.019574848;1.098090863;1.324124608
2.880504194;2.971433106;2.569657658;2.279715296;1.579073295;1.901321419;0.182533918;1.102084915;0.492998464
-0.540046603;0.160179275;-0.16360035;-0.316792432;0.183543433;-0.639454816;1.113005752;1.205302052;0.947185839
0.736354254;0.434773925;1.02168727;2.102201557;2.120699102;1.48073726;0.991339738;1.655857704;1.174996458
0.292437431;1.205881318;0.876534511;0.139114917;0.394866297;0.077687835;0.189514432;0.3910484;-0.307575043
1.225120599;0.882302691;0.473885697;3.592829884;3.055049275;2.936776786;3.043571868;1.563247659;2.529760904
2.33461275;2.425380653;0.555971266;1.914998373;2.137397281;2.217763901;0.573620592;1.995034515;1.540633559
1.736209957;2.145303954;1.532140011;3.160638179;3.75660447;3.594278636;0.421445121;0.363111779;-0.212303711
0.013204892;1.15015353;1.007737111;0.75388739;1.554150546;1.301680369;0.5022137;0.460065083;0.011332339
-0.999006125;-0.523234598;-0.483443738;-1.338088853;-0.138232961;-1.255602484;0.036747624;-0.110143703;0.845415269
0.744160536;1.437595657;1.283251514;1.992961956;1.817609373;1.374089742;1.577718603;1.845108125;2.0750035
3.284764716;2.892602957;2.266330427;1.17831871;2.12277112;1.461479777;-0.329647181;0.838937731;0.160851575
0.931563666;0.885002098;1.253950022;1.064409223;0.575919914;1.205015058;2.194967657;2.363172396;1.302002024
-0.897417496;-0.096038187;-0.463583179;1.331217;1.716546619;1.097497869;0.670482875;0.039504428;-0.136052548
1.460238678;2.090906833;1.372260483;1.339012382;2.139519605;1.336818479;1.576329578;1.277770446;1.042733443
1.780574213;2.369934611;2.414918336;0.554348676;1.438873038;1.33382786;2.295671382;1.232879485;1.046924709
-0.556216787;0.210453623;-0.087783066;0.346342529;0.399816922;0.510217025;1.361333811;1.620748374;0.765910062
-0.958478848;-0.177110919;-0.040995085;-1.265746879;-1.275883619;-0.501059349;0.057015847;0.934917043;0.587443089
0.664704389;1.615948635;0.949747301;1.799848755;1.502286567;0.875193148;2.070649119;2.542141154;2.585964898
0.462392605;1.883329311;0.643011467;-1.908747933;-0.921846412;-1.683147989;1.514896365;1.125692892;1.188267673
0.766796804;0.863960115;1.031062221;1.400452787;1.599385004;0.82741448;1.412855199;1.787052451;1.840685697
-0.695061871;-0.058463488;0.625939636;0.188420464;0.255787061;-0.55849224;2.278060054;2.184962087;1.14536269
3.704920635;3.211340888;2.910138927;1.37738143;1.735507241;1.808171088;1.108916004;1.509515211;0.936738748
1.452930998;1.371525593;0.945572221;3.214749289;3.209606721;3.207413906;2.89373918;2.900956829;1.434131983
1.468871325;2.153583821;1.855285885;0.71085477;0.500814541;0.511947842;0.143917997;0.992291297;1.399793741
0.234951312;1.671740625;0.880761332;0.955822434;1.657801454;1.168076706;-0.094083338;0.869099611;0.304290958
0.184279664;1.349994366;0.580901958;0.490341326;1.021251472;0.274672626;-0.194169622;0.061562371;0.005557054
0.435624018;0.701892923;0.731916294;0.441595596;1.051317885;0.273827308;2.756695067;2.064728543;1.32945847
0.733691537;0.65116251;0.231349502;0.118450233;0.441579025;0.344814726;0.43396255;0.787162494;0.110489724
-0.394238638;0.731754694;-0.053472906;-0.329162998;0.043057567;0.424131771;1.339165526;1.65755284;1.420154078
1.083319606;0.98836265;0.712751014;0.966155809;1.204400747;0.823962982;0.82177819;1.567789941;1.248987212
0.481327082;0.713390131;0.796413507;-1.121459956;-0.25729572;-0.618694358;-0.072525029;0.901142735;-0.223124589
0.892430383;1.526890335;1.536859338;2.289494001;2.60192296;1.937297644;1.23834105;0.289762649;1.086975471
-0.996104041;-0.84687752;-1.233916693;-1.271713897;-0.492686897;-1.165377763;1.462239441;2.165614324;1.06552649
0.021511279;0.806029085;-0.41512491;1.453110428;1.059586145;0.834781214;1.861557404;2.085978127;2.078594494
1.928188418;1.908210423;1.661094144;3.338388684;3.515638635;3.235370399;2.45277008;1.940642845;2.014414257
1.383448256;2.051444887;0.829965543;2.556710205;2.045257818;2.688828288;3.140376354;2.948967571;2.558027981
2.061831923;2.889467752;1.639398915;4.448241732;3.504914923;3.343624945;3.50778793;3.271498731;2.460714999
1.088967139;1.595734883;-0.231770049;1.468726703;1.680251921;0.571245379;1.202599799;0.912404776;0.206274001
1.543219205;2.04420825;1.122007808;-0.337324467;1.456644086;-0.052895253;0.428733247;1.443475438;-0.313579555
1.731842307;0.841751693;1.592039738;1.079332407;0.788339792;1.522078807;0.618495855;1.218462981;0.616278004
0.736344513;1.373605338;0.894333043;-0.871642717;-0.249097468;0.13600523;0.628303528;0.34914306;1.027484854
1.729869969;1.440591009;1.915389959;1.382093214;2.437817748;2.3766814;1.826078575;0.603211772;1.112908793
-0.709252601;0.748070304;-0.270670236;-0.609674611;0.469639311;0.294087922;0.767675374;1.64815598;0.79873281
0.970447789;1.172080554;0.942934243;0.717880358;1.129146898;0.625070505;2.445992831;2.307100153;2.940740834
1.586315262;1.171391531;1.067835693;-0.859533149;-0.723135732;-0.143180037;0.562592649;0.914962728;1.32197715
1.541006997;0.951088272;1.046159372;0.166648966;0.888297768;-0.0295449;-0.010971364;0.606886733;0.590266476
0.698990487;0.944631686;0.701827625;0.352669523;0.207706957;-0.052337028;0.825177122;0.685306562;0.417400069
-0.242012273;0.509302614;-0.783551365;0.860824243;0.580248092;1.366387129;1.03377879;0.997117629;0.56887297
0.167357638;0.412619524;0.088782402;0.285495412;0.210953414;-0.264315388;-1.273639447;-0.209969364;-0.563733119
0.306319526;0.145953485;-0.228513587;-2.22610858;-1.154820468;-1.367553629;3.845909829;3.826112785;3.581801152
3.708869214;3.07716259;2.257807814;3.380457126;1.879229872;2.657796124;0.28992382;1.63790703;0.862046558
2.955698487;2.066524214;2.400300538;4.657015569;4.221435135;4.688455673;2.207907479;2.406013831;1.371627525
-0.397825578;0.895369371;0.340581363;2.340197003;1.638622209;1.217345044;-0.031594636;0.466824329;-0.604469028
0.401066658;1.464127106;0.421027592;-0.355882991;-0.077621651;0.141767355;-0.371779901;-0.893221381;-0.526846024
0.751294771;1.232053527;0.920032932;1.029615727;1.741207773;1.937878672;0.944939517;0.672366624;0.914745303
0.894875876;0.576027173;-0.464626291;-0.972901572;0.305297809;0.149840964;-1.32356626;0.376305418;-0.242917227
-0.035246677;1.285158982;0.140437823;0.003707795;1.017612953;0.894944615;1.033656795;0.438144493;0.178254449
2.953690022;1.545747882;1.499684048;-0.130581603;-0.018427561;-0.509089414;0.640505775;0.991632657;0.301130782
1.874208677;1.81000351;1.224956396;1.933097314;2.769564389;1.803724162;2.861555562;2.51111071;1.991042
2.590558553;2.24185244;2.764854267;4.000077798;3.719851605;4.006473431;2.835712566;2.582870662;1.494564518
2.464267854;2.101178014;1.799154723;2.425647305;1.972029681;1.965960682;0.656001076;0.978820096;0.678566461
2.156763172;2.697951193;1.932039326;1.974608352;2.036846331;2.468159637;1.354272686;1.118266654;-0.261166461
0.61414333;0.901306325;0.383900622;0.321911521;1.035335256;-0.058519798;0.115906845;0.856386153;0.697736921
0.887547458;0.136762052;-0.028273767;0.275695778;0.574526588;0.564559349;-0.831648696;-0.25069737;-0.227994976
0.792579452;0.700691519;-0.090615366;0.634889359;1.02808932;1.162220873;0.770821234;0.362739563;0.339298768
2.127892841;1.88045111;1.489688399;1.627610237;2.255280881;2.058901978;0.768526061;0.979360019;1.118137432
1.280939511;0.996821179;0.650494184;1.200861496;1.672768938;0.637325699;0.371951853;0.600070468;0.645361865
1.327414971;0.93772849;-0.10839322;-0.310141658;0.363705762;-0.25451503;1.630287151;1.692158123;1.582871617
0.467753327;1.94527266;1.132185106;2.903533271;1.865885259;1.832908798;1.543279754;1.623095161;0.85526403
0.901823735;0.587746413;0.939237885;1.411325411;1.694146615;2.20920141;2.555203644;1.805587752;1.389583561
2.147905374;1.640482669;1.690057407;0.899373312;2.459055705;1.039770132;0.881427216;1.70215795;0.89748082
0.284114027;0.877942023;1.101521986;-0.234744656;0.07152083;-0.460134743;-0.718855858;-0.224734857;-0.971029895
2.460413279;2.069256408;2.348186761;1.351570633;1.318508907;1.479305757;0.653703761;1.705319106;0.891625982
1.265682843;2.327600213;1.889603715;1.457262343;0.628168732;0.53289153;0.543437306;1.60768987;1.2136517
0.811252293;1.183943756;0.829023759;0.018121964;0.959031524;1.508856214;0.71418437;1.355067017;0.621685303
0.108108329;-0.114234269;-0.020086117;1.370512004;2.99644026;1.498019301;0.038865957;0.421736657;0.031020511
1.367285279;1.810401549;1.267920812;2.184108013;1.64786959;2.065864521;1.566118549;0.738667985;0.658460972
-0.672376093;0.253646743;-0.063115769;0.624785329;0.436224615;0.842006424;1.171938539;1.319324523;1.699417823
3.362174912;2.705987212;2.744165022;3.225179585;2.49582405;2.975672849;1.290425056;0.926712513;0.706696475
2.21179744;1.769715147;1.035438743;2.589697379;3.045768542;2.400955157;3.164260914;2.518158585;2.866861959
2.179834322;1.721373747;1.951244161;1.078930348;0.982824363;0.584927691;0.483537174;0.448454607;0.428362556
1.477371638;1.612511252;1.741055429;1.454052648;2.439929953;2.001021068;2.24176991;2.202785078;2.135339738
1.350335138;1.386542716;1.960087448;0.707242385;1.508580493;0.428068021;1.11583615;1.245778209;0.534813018
1.524628828;2.172984904;1.687421026;1.410321614;1.033498638;1.75224651;2.052310031;1.702883694;1.941310645
1.189777711;0.80257935;0.611124732;-1.867912564;-1.572912118;-2.008491398;2.182694495;1.85539371;1.367067417
-0.898675179;0.192479594;0.023265857;-1.389835649;-0.021078038;-0.245766281;0.028991817;0.641550483;-0.302331065
1.51472002;0.811050338;1.461817176;1.649189051;2.614441561;2.861813505;1.325282129;1.991146505;1.536280429
0.993860866;1.078145027;0.78837544;-1.230764291;-1.303240674;-1.048885559;-0.265662001;1.044538207;1.130107015
2.146628615;1.924542618;1.703873018;-0.431610152;-0.115789039;-0.128434313;-0.797259329;-0.092994154;-1.121118255
2.245319747;2.182884162;2.600716425;-0.130594399;0.176475967;-0.062522478;-1.367711648;-0.138464342;-0.534851376
0.783971463;1.118186109;0.81222821;0.789349191;2.10463036;1.832967746;1.814169016;1.340017316;1.578241597
-0.223696516;0.602830405;-0.094151275;1.629513887;2.721177404;1.69758119;1.844725332;2.418528008;2.52401285
0.212675715;0.814949469;0.914565016;0.213849973;1.149406245;-0.261463415;3.174720454;2.895023417;2.5969213
1.523416252;1.578939877;2.204445978;1.688383099;1.962843751;1.107585997;-0.102649023;0.442358302;0.310813083
0.764003321;1.059601685;0.244554909;0.613086345;1.23556271;0.974957129;1.942798488;2.085660155;1.009702679
0.964318476;1.742589261;1.572524411;2.47761152;2.260084925;1.715460262;0.976117776;1.243784265;1.061633105
0.490710363;0.935690069;0.758417592;0.099011152;-0.193231486;-0.696547254;1.668851597;2.220148791;1.228961167
0.368243882;0.472212318;0.014159564;1.225594128;2.7121508;0.80199303;0.827089231;0.871121924;0.523606954
2.024075666;2.04494773;1.772473071;3.512666534;3.638679124;3.600703499;-0.019334985;0.263079202;0.064879229
0.392874247;1.175778787;-0.212785333;0.131482815;0.629057338;-0.1273251;2.809111434;2.70907872;2.133464994
1.075852125;1.089129339;1.539987071;1.773810972;1.751597435;1.204951331;2.472470975;1.98599841;2.230199528
-0.687360719;0.264770045;-0.038767397;-0.864795103;-0.47925054;-1.27487618;2.665790868;2.006136826;2.233999614
1.784225534;2.118646817;1.316124667;-1.308010042;-0.985769857;-1.764527827;-0.580671613;0.360280002;0.251926372
0.476573027;0.75086584;-0.231218645;1.543764041;2.027940808;1.784603427;-0.347270746;-0.149496958;-0.039385158
1.052126594;0.962251787;0.295775192;2.409396127;2.042007308;1.700514367;0.014313481;0.783631379;0.680368665
0.653005148;0.847289355;0.626922854;1.514194782;1.85906512;1.203241159;1.010593006;1.488489964;1.3471143
1.137656535;1.6902732;1.177920412;-1.118432334;-0.26271625;-0.872152037;0.733936772;0.462370995;0.828421147
1.100860164;1.014717613;1.334591848;0.603821876;0.7329512;0.95513586;0.048386625;-0.60458461;-0.765656727
1.618270279;2.331708781;1.577664766;5.213089485;3.725746422;4.44846711;4.844626741;4.256347913;4.279807294
1.367956728;1.072390574;1.520467494;3.580748987;3.879393016;3.447421723;3.207187124;2.258060458;2.377791572
0.335343237;-0.449422847;-0.057541569;0.581310307;1.476190537;0.151075572;0.719184582;0.954113084;0.294158941
1.909059195;1.799498617;1.082368264;1.091590177;1.682704712;1.08004097;1.570208165;1.2888653;1.017172559
2.151436511;2.219089607;3.198477765;-1.384912885;-0.05828412;-1.472698361;-1.204949521;-0.390983256;-1.09824256
1.136044162;0.394653816;1.395138279;-0.347299916;-0.140759225;-0.347189965;-1.926047354;-0.479272153;-1.14666572
0.166537978;0.49011433;-0.227684111;1.169441566;1.533055461;1.135576458;0.939064328;1.690213751;0.785401338
2.440294956;2.670427336;2.218227533;2.64585043;2.012217426;1.90223212;1.157521056;1.022313035;0.391404056
1.822628274;1.913794294;2.179641096;2.068153978;2.163174676;1.509314446;-0.026582958;0.561204788;-0.685750362
1.477553667;1.210991958;0.848983095;0.0693816;0.659337717;0.447203404;0.63812176;0.759937814;0.325274844
1.328619313;1.156892025;1.424490636;2.433455536;1.887271387;2.031538061;3.39967198;2.48779033;2.040662266
1.914959072;2.687969891;2.029812544;2.881550947;3.165599244;3.500007235;1.742270019;1.651803286;1.663017526
0.432350929;0.752702514;0.737187046;0.262530246;0.51816385;0.488002297;0.46630659;0.315956151;-0.130580039
2.942199121;2.323566365;2.39743082;3.578994156;3.677757107;3.834050225;2.528252747;2.494647001;1.635862059
2.084131368;1.755166898;1.933501333;5.952572783;5.652834982;5.591681406;2.690425632;2.404575526;2.433068947
-0.988846396;-0.774149321;-1.441558997;0.550222323;0.437809783;0.66307431;1.429030419;1.615726975;0.328235387
2.106336009;1.535837357;1.815149304;3.440042174;2.668364625;3.434383397;2.390097535;1.931693073;0.904967513
1.027033036;0.231940471;1.099951495;0.627659663;0.413425949;-0.061940003;1.224305785;0.664980063;1.0674873
0.086295731;0.44369362;0.861457041;0.699360958;0.869334576;0.014190811;0.860822659;1.645169962;0.131083164
-0.116519248;0.743538342;-0.326941983;0.067446029;0.491759554;0.286145315;0.197193606;0.798837003;0.596110891
0.71341715;1.480559069;0.704922114;0.206035804;1.146046847;0.044590403;0.753180384;1.24232601;0.812260847
0.632438573;1.346031147;1.135670485;1.613464342;1.960331473;0.949140657;2.010119248;0.903100006;1.971471474
2.358368403;2.707759282;2.102804359;4.354588749;4.504577419;3.954992487;4.18593325;2.949164527;2.530352111
-0.054352457;0.89719804;0.288137707;-0.722611291;0.781692785;-0.106203541;0.252760436;0.619717291;-0.034963883
0.447683296;1.243992065;1.369158069;-0.011132234;1.621245348;0.617705379;-0.679887738;-0.192882434;-0.321841563
1.767763805;1.070131723;1.32472832;-0.556602863;0.003181365;-0.95273123;0.221586372;0.541523295;-0.005724717
0.934699498;0.933010053;0.67722537;2.612049359;2.478938284;1.603884213;0.374555371;0.358114576;0.892303115
0.04548162;-0.216504392;-0.005795071;1.079727917;0.716300832;1.414820184;2.463939403;2.090865858;1.626875984
1.12842894;1.097590638;0.70858415;1.942200636;2.265452775;1.69168868;3.448928324;3.580215355;3.105915703
1.744736399;2.05393289;1.54787497;3.525904463;3.750049095;2.811372315;1.933241537;2.956940921;2.781191635
2.751519561;1.985872031;2.229912431;1.499677165;1.579547075;1.419407749;1.800056464;1.338019597;0.897633202
1.792278899;1.320534475;0.602308198;3.714850197;3.016352037;3.645256405;1.382327783;1.154914233;0.555572208
1.318655766;1.566990103;1.117248533;3.43139547;2.200372416;2.681096305;1.389426635;1.755693861;1.311691167
0.003317264;0.5926313;0.270759078;0.431037332;0.634181516;-0.01971526;0.278282761;0.475739231;-0.482971733
1.679001715;2.010995475;1.54696443;3.734425126;4.022583978;4.551620616;3.002029813;2.554730314;1.896355103
1.509349824;2.093994481;1.955803238;2.375712416;1.506283516;1.474844374;0.40123153;1.508412089;1.059559938
2.119360052;0.926697728;0.727709814;4.318857862;3.593266745;4.014868829;2.711093766;3.221343101;2.94684321
2.11222562;2.021524001;1.081351818;3.736340093;3.537104265;4.115561769;2.229686701;2.775083751;2.949852257
2.557131831;1.495863536;1.382745462;1.282894282;1.724280871;0.885807735;0.217242708;1.420606095;1.029882771
-0.547827183;0.346734461;-0.601565876;0.005663495;0.06132162;-0.400365009;2.854462888;2.647573051;1.919428231
1.131817957;1.095098304;1.257116312;0.969313834;0.916674903;1.30786624;-0.526944682;0.467936372;0.245779775
1.299993438;2.113939312;1.445161259;2.03288175;2.44944683;1.087007289;2.867199281;2.276110983;1.122766727
1.735637012;1.671667109;0.275366804;-0.158585157;-0.106355835;0.726899552;0.278650546;0.809413521;0.268966206
2.559757594;1.967838453;2.032186084;3.121549161;2.276120215;2.32759413;1.141540622;1.163065505;0.916689506
0.269216072;0.585522975;0.434315183;0.656644796;1.188248451;0.110921734;2.137759694;2.051647176;1.1486211
3.055832173;2.583612465;2.311809943;-0.028561806;0.389786745;0.090696529;-0.789341645;-0.436078866;-0.496980301
0.849191119;1.387396536;0.898228414;-0.99007348;0.09143469;-0.416834462;2.01049163;1.331129221;1.522065195
-0.512599423;0.286130324;-0.551163483;-0.407983666;0.415799644;0.449541802;2.081783412;1.936561998;2.417879099
-1.516867076;-0.39918431;-0.332853638;-1.954777123;-0.922984167;-1.603711328;0.829734708;1.300986969;0.608266231
0.45085106;0.714427958;0.119844492;1.396517372;1.465173234;0.883492006;1.081510995;1.303135066;0.873685781
-1.092945825;-1.559731861;-1.225265155;-0.484451506;0.448249833;-0.171108224;0.898433607;1.182091118;1.76319201
0.8548531;0.853519685;0.978734144;-0.750887558;-0.277925086;0.173438109;-1.18597884;0.341107154;-0.79522529
1.041670515;0.636697395;-0.14052937;0.035493284;0.362094926;0.783709903;-0.29098448;-0.116803784;-0.468494993
0.266177927;0.495149743;-0.061514218;-0.784652817;0.072205414;0.183001281;-1.066370295;-1.680723944;-1.035593698
1.572626449;1.301511393;0.657825407;1.435908704;0.646448718;0.493520786;-0.048654675;0.469254586;0.281308306
0.550641612;0.985834598;0.412809544;1.465974614;2.343483967;2.097761403;3.270086002;2.891074784;2.570137037
1.008591556;0.881130861;0.506573506;0.502766285;0.506545424;-0.410670371;0.918291706;0.280898134;0.031761908
1.193329749;1.384184014;-0.322205799;1.245471501;0.13845239;0.844025349;0.976961164;1.587852752;1.177307577
0.950066383;0.791228468;0.417454661;-0.335347345;1.071868089;0.473181125;0.853139197;1.555723765;1.49117827
0.562353112;1.602007058;0.061822812;0.191466684;0.611809221;0.855270187;0.309384591;1.356388409;0.277905587
1.940069249;2.208279423;2.294242998;0.25504215;0.447783244;-0.150564644;0.198566262;0.308639262;0.161868693
-0.936402074;0.536525053;0.245586599;0.804746349;0.361828679;0.707767527;-0.053456037;0.591310877;-0.641945995
1.574333726;2.714894221;1.789795378;1.3687376;2.125335618;0.63655235;-0.201891946;1.02610197;0.673187152
-0.320568147;0.509974548;-0.015487964;0.722588446;1.745337714;-0.171068698;1.090853409;1.010649286;0.298068047
0.410473262;0.241369879;0.640335602;0.304037194;0.128456302;0.362533725;2.543395024;2.485615034;2.540084196
-0.213205885;0.513706719;-0.229789676;0.870559084;1.363114379;0.502042754;0.270583797;0.453244432;0.413045656
0.12615625;0.306866838;-1.002017844;0.368379418;0.020913576;-0.630224305;0.811289779;0.693613293;0.195631333
1.316680616;1.151366786;1.233699103;1.116987544;1.494705349;1.117496496;-0.948452634;-0.112362665;0.151803641
0.28299122;0.737734394;0.271980604;0.425463544;-0.359869733;-0.289648314;-1.343171796;-0.355325819;-0.948224918
1.394575577;1.094388368;1.542419088;2.047306236;2.298902554;1.739323548;2.413588643;2.962423836;1.979816543
0.202609432;-0.328621105;0.115211058;1.850361391;1.849833385;1.919721999;-0.645327225;-0.410657792;-1.194593391
0.510935641;0.946901308;1.484350328;-0.235135068;0.826821534;0.335589612;1.129894842;1.848388244;0.540925433
0.435544164;1.080039658;0.446364428;1.738838639;1.339478612;1.144774297;0.093412654;1.142363809;0.840455138
2.359945713;1.563567577;2.551179546;0.219909568;0.078497396;0.323644708;0.282959363;0.825056597;-0.237301668
1.656020261;1.357458504;1.229833496;-0.620431308;-0.331600641;-1.014275865;-0.420956898;0.073040008;0.017983265
-0.380555435;-0.495673067;-0.856893589;0.799858823;1.286513574;1.295050147;1.380451338;1.696183396;1.501046847
1.332083917;2.351181253;1.476077642;1.591644989;1.277328983;0.778382075;1.692244349;2.080114857;1.784121687
1.176241327;1.277458403;0.944706144;0.985266095;1.189829331;1.319998755;0.661915618;0.933081335;0.530413724
-0.660610816;-0.063981964;0.101832323;-1.913891575;-1.428477146;-2.372965655;1.345047301;1.860250856;0.819799822
1.070790685;0.665990663;0.193918193;0.182469955;-0.012026727;-0.467887659;-0.723759254;-0.480344236;-0.096727882
1.804260488;1.701524633;0.989451806;-1.594015312;0.068066608;-1.329544284;0.073204573;0.806646431;0.375487793
-0.159279271;0.759818517;1.008981136;1.17388115;0.494748208;0.04392717;1.074313077;1.97571181;1.731810442
2.73617106;2.691955266;2.536593933;1.046625241;0.575993418;0.550359379;0.590743649;0.496520522;1.220281898
-0.284773895;0.310363719;0.135920917;1.669771985;1.442655191;1.594010977;2.077405506;1.426516184;1.331463389
3.269933334;2.716904031;2.34550637;4.351744865;3.234663087;3.583022473;2.189600621;1.888697332;1.531438494
0.435921009;0.297174161;0.287588064;1.092153821;0.96140118;1.071027063;0.71747193;0.972767346;0.943335709
0.882701603;0.809029831;1.140400984;-0.420736807;0.386695861;0.25034803;0.465003303;0.843770464;0.566989638
2.332920208;2.222427756;0.81306438;-0.997784059;0.179736576;-0.518654795;-0.069764732;0.295336938;0.478220569
1.323503878;1.501220573;0.338342776;2.060355145;2.094023038;1.918093935;1.275001746;0.946704159;1.154475146
1.586882533;1.401513333;0.855148492;1.373421924;1.513845215;0.41102277;0.651780634;1.259019895;0.719608825
1.34863619;1.570817432;0.922092279;-1.149133123;-0.694984837;-0.131038632;0.1300549;1.026539428;1.25977219
1.614116509;1.391571714;1.067355664;0.171782078;0.406219921;0.087023678;-0.350030798;-0.019597628;0.280713884
1.080699767;1.37297542;1.141091032;2.093281148;1.359153113;1.922936454;1.932206857;2.018889864;1.456911355
0.065588679;0.865044632;0.304055622;0.704685016;0.946751151;1.502380822;-0.031169542;0.36861225;-0.013789289
-0.181169291;0.522706642;-0.94895961;1.308867871;1.569082602;1.194499445;0.380128093;-0.357443156;0.282621026
1.151491182;1.620776299;1.870338735;-1.249357434;-1.417872119;-1.325903374;-1.0320147;0.157187091;-0.848270931
0.708705503;0.89579235;1.178465645;2.484346364;2.87393377;2.729797355;-0.620323409;0.596132325;0.477542798
0.433311699;1.808046965;1.315054332;2.265755846;2.297732678;1.180017831;1.114647158;1.449014794;0.650734579
0.945411418;1.298970437;1.208794923;3.627887437;3.224008756;3.960837137;0.837512657;1.749746935;1.753918375
2.171519782;1.799998973;1.674061199;3.723976038;3.431886538;3.146811491;0.779332855;1.211331033;1.34387088
2.485754298;3.255733913;2.638769786;5.188051253;4.269332176;4.8695297;1.167107249;1.693415851;1.768485225
0.475826493;0.964329646;-0.32967924;0.243042856;0.52834231;-0.190344919;0.422642878;1.092992704;0.226127065
2.17561476;1.547199317;1.399777639;-1.997900161;-0.916768448;-1.972280923;-0.020256467;0.411040599;0.694648746
2.80985495;2.779499406;2.981236474;3.736345009;3.220184345;3.271408941;0.999204078;1.343531611;0.412761448
0.729583086;1.691718501;1.639127745;1.787154958;0.634941537;1.114255436;-0.006775869;0.60558968;-0.171636532
0.120667688;-0.163535884;0.153754355;-0.214140311;-0.208790324;-0.249049626;1.161302697;1.249368251;0.954575633
0.944183342;0.785854952;1.335424429;3.655710956;3.909848992;3.720417473;2.600971265;2.429675149;2.32956009
1.573808216;2.130903319;2.289292498;2.616515613;2.218375937;1.836077342;0.441347672;0.470547161;-0.015954709
1.217335503;0.895015019;0.840477949;0.44880143;0.890440565;0.886554491;1.076029881;1.181628714;1.45916513
1.193668119;1.391025113;0.723145229;2.157290791;1.535793315;2.203747054;2.500506279;2.019497414;2.464878202
1.955802326;1.80237279;1.158957212;1.683002113;2.404446028;1.764111375;1.649685864;1.694905681;1.297302677
1.501182251;1.828666567;1.531858614;3.243662324;2.057396395;3.005058634;1.18350081;1.264485071;0.761959613
-0.081522799;0.444827783;-0.257966387;-0.136530834;-0.713523552;-0.664036227;0.852948397;2.017714189;1.955705606
-0.486958626;0.813050655;-0.145528957;-0.642559238;0.107095849;-0.920790657;2.083479477;2.337505049;2.609423142
2.247829771;1.682217896;2.342289467;2.906535074;1.723941381;2.422933156;0.933730614;0.727625843;0.158443889
-0.029495578;0.582646301;-0.935287458;0.317387273;1.344794648;0.688023181;1.27998717;1.313572439;0.209406674
-0.520281523;0.842060445;0.14416454;1.16088476;1.846652479;2.193636486;1.283140815;1.578163315;2.20884174
1.856242904;2.365497155;1.828568626;2.888378745;2.624494853;2.582021073;1.343923074;1.584753435;1.571171031
1.080593872;1.440476668;0.301245464;0.646645078;1.718296595;1.634233131;1.817933793;2.5814447;1.948483568
1.004862009;1.40813201;0.00843433;1.038287105;1.574802935;0.574041129;0.060069281;0.341794391;-0.477180266
-0.348904884;0.687092608;-0.70592306;-2.052653959;-0.965563582;-1.576241682;0.206109296;0.678542673;0.078296655
-0.094782639;0.143893849;0.110802264;0.087315453;-0.36362757;0.140461253;0.840010992;1.753946214;1.410597099
1.856883791;2.501848685;1.492132934;0.018149658;0.1002538;0.252986472;0.197079363;0.518945109;0.139703452
3.244721163;2.727438779;2.661939288;2.223439416;2.468979357;2.723360601;1.141950365;1.236367416;0.599170469
1.791486112;1.822617248;2.008881212;1.572832372;1.926345973;2.462004181;2.062270564;2.314542134;1.632925777
0.532266778;0.683547741;0.643179597;0.255063899;1.161947691;1.136886902;1.767494615;1.421187497;1.722548931
2.516550055;2.193128851;2.071209172;3.865449919;3.924623877;2.864132896;2.241804632;2.551215083;1.970795279
1.552883669;1.939871177;2.307911437;0.775938446;0.51815092;1.019974562;1.221237655;1.121698001;0.642463753
1.566270338;1.605672311;1.414637105;1.315738278;1.554430164;0.848646408;0.45852097;2.097432229;0.871054743
-0.617607237;0.169703314;-0.084318073;-1.263757123;-1.062661408;-0.685945654;2.047495044;1.115703233;1.121255541
-0.165065174;-0.25839344;-0.113237929;0.416312941;0.887403844;0.347566448;-0.007677952;0.447085987;0.570503252
3.213823454;3.126535059;3.789852564;1.597097314;1.238087006;2.343582624;1.453301918;0.557055893;1.046141235
0.320512097;1.032014688;1.412797458;2.425149435;1.337292548;1.83472971;0.790660762;0.364842282;-0.070814703
0.422669923;1.33055155;0.69984384;0.518713554;0.569986237;1.197287175;0.898230236;-0.77802467;0.012535007
2.127856397;2.735597048;1.295953406;-1.621380829;-0.537346759;-1.777766923;0.141674822;0.41074916;0.65932648
3.470838112;2.950126429;2.667026013;3.296070829;2.495493145;2.18787388;0.428417674;0.447615939;1.192127214
2.155689659;2.03444573;1.729861872;3.657999075;3.417453916;3.328551481;2.675410103;2.543279013;2.336002942
3.0641504;2.666708793;2.878483664;3.284820781;2.698270899;3.1524538;-0.094261998;0.63035165;0.694582147
1.213284761;1.50044651;1.738562542;1.661037583;1.759785347;1.588701924;3.225980423;2.965905342;2.325599106
0.69941084;1.451649368;0.410541846;1.603298216;2.008002971;0.523200452;-0.184570734;0.637394119;-0.346989459
1.736019075;1.376023004;2.074504412;0.725858927;0.896440599;0.94102939;1.743608405;1.287550776;1.173720068
0.327838965;0.552310048;0.860056755;1.774250378;1.77711649;1.220913082;1.731043886;1.444623588;1.588139826
1.28676287;1.189668468;1.709239991;1.462042111;1.511731116;1.938886942;1.273529547;1.166376599;1.066127827
1.243855889;0.870242313;0.976869738;1.016250503;2.103660781;0.892064888;0.632741436;1.167707406;0.51260829
1.184211795;0.587071014;1.352948414;-0.807984448;-0.432042136;-1.154449828;-1.826074743;-0.35392699;-0.671993914
0.643335688;1.222641492;0.763895562;-0.675111559;-0.014024355;0.014645409;2.856027988;1.333442096;1.915027591
3.301653695;3.269075641;2.890658629;4.268267087;3.589359668;4.551282171;2.056839659;1.563374906;1.883437005
1.567458488;1.896160921;0.942796153;1.20410065;1.675171017;1.077063016;-0.6392069;-0.465802652;-0.085190189
0.097171948;0.699267971;0.176021844;-0.619068869;-0.431612335;-1.045540088;2.82163499;2.682269555;2.24279831
1.278423137;1.91734228;1.701646664;-1.17645135;-1.479495569;-0.601029102;-0.014478173;0.751116537;-0.276781525
0.989590959;0.930843032;0.341181816;1.931480934;1.493420593;1.699269293;1.920838489;2.586979106;2.472816649
1.078929501;1.877380175;1.202179342;1.373775927;1.647768012;1.544728539;1.039721721;1.529459048;0.991793388
2.150967725;1.097765875;2.660944398;1.002793476;0.912138193;0.88975092;0.97334795;1.521488795;1.418921368
1.646886554;1.722726639;1.17578982;1.979926633;1.595909992;0.965182859;0.769614592;1.464674996;1.2224646
3.430508448;2.274464797;2.490915688;2.884698404;3.083568996;1.841054639;2.0824723;2.805211163;2.228972925
1.9174924;1.925286395;1.571610241;3.783501198;3.396952469;2.395802409;1.996674333;1.991344583;1.388373482
0.739923368;1.6314478;0.185242513;0.738391167;0.751131457;0.482354201;1.530531343;1.04394848;1.158587944
-0.051613854;-0.001839584;-0.131281312;-0.382543787;0.646056213;-0.102522117;0.48339886;1.122049089;0.431585255
0.617655843;1.099608916;1.216685783;1.507230867;1.469850893;1.731632699;-0.182614812;0.582129982;0.903546833
1.408109005;1.414981167;1.165807192;1.809181338;1.538908338;1.017694244;0.059761231;0.556769417;0.376474806
0.79005283;1.128384958;0.625725888;-0.345768247;0.985580632;0.768225219;-1.205863389;-0.02086429;-0.646181613
1.329824278;0.925763489;0.97738626;0.583621861;0.892218096;0.478671369;3.23532333;2.842049805;2.287833812
1.522790694;0.69561397;1.160014385;1.080407809;1.873721091;1.016307424;1.72549621;2.114434634;1.79161392
1.838708075;1.849679037;1.323662144;-2.792410539;-1.151240482;-1.277765813;-0.85097083;-0.749103824;-0.36151402
0.332710971;1.432619743;1.01572244;0.563615115;1.183144994;0.673938109;2.125774608;1.884280405;2.257458315
0.867773747;0.895105554;0.622612917;-1.743902161;-0.527466329;-0.299179241;1.23380606;2.018803877;1.092313285
0.372318874;-0.080812463;0.471453876;-0.583920443;-0.291079275;-0.958514384;0.051926543;1.063417297;0.35553921
2.367827586;1.851281065;3.28695888;2.33915396;1.647640447;1.605373332;1.457114906;1.651070004;1.560248867
-0.536519181;0.152916279;-0.648650598;-0.397161036;-1.08733902;-0.37442024;0.294981939;0.398145516;0.183702529
1.227364819;0.795300309;0.676166939;0.161291864;0.650748078;-0.21585258;0.060065872;1.296736291;0.790104531
0.026938481;0.077188642;0.143551748;0.352230515;0.942529254;-0.060966792;0.316275101;0.548586402;0.202449226
-0.377165453;-0.070524348;-0.210503067;1.113710705;0.840125534;0.439505593;0.203796863;1.032557966;0.823108294
-0.062594768;0.407381605;-0.800299386;-0.018692611;0.416602751;0.515296816;0.534367287;1.43863772;1.263865459
0.689540192;1.020784017;0.267586159;-1.435929235;-0.540292189;-1.749898523;1.239632506;0.593450732;1.43485048
0.628422466;1.18628368;1.562691784;0.715908984;1.605595434;1.90612201;1.50320669;0.920454768;0.652706438
2.179086885;1.211267993;1.244052674;1.238276587;1.308776373;2.284183798;1.492273092;1.333714348;0.623649582
1.521586322;1.28446128;0.852992306;1.29536901;2.669518374;1.923590721;1.13648474;0.845162471;0.917254076
0.876204707;0.402143133;0.887225903;0.499480395;0.950337145;0.32859148;2.074165087;2.089446185;1.776872584
-0.242794412;0.362645668;0.037810011;0.569265743;0.588116462;-0.021313671;1.876483162;1.181957106;2.052520704
-0.522691568;-0.034102949;-1.219195101;-0.266299328;-0.42832809;-0.044743781;1.64822981;2.408703031;2.559128135
2.443896722;1.922983434;1.183134434;2.728604555;2.188745649;2.000904484;1.305431137;1.304469806;1.311409983
1.68924294;1.803439414;0.855497082;1.083964827;1.790576062;1.56809987;1.450552412;1.546955512;1.178170361
0.913369008;0.83546471;0.332055886;1.278818546;0.888243006;1.527766507;1.016103564;1.881980786;1.057960995
0.606727804;1.458287139;0.331573164;2.933126875;2.686383821;2.193326807;0.25950574;-0.174807105;-0.273632945
0.902713748;0.929982553;0.536601659;0.020083155;-0.11076915;-0.191304614;-0.521877068;0.51429044;0.064726731
1.200000174;1.20427388;1.501786018;1.139409042;1.373117397;0.724370627;-0.929106484;-0.118657723;-0.016609235
2.935768687;2.302382389;2.788150139;3.959079871;3.916407863;4.020893936;2.520776019;2.057373125;2.726043818
0.155538556;0.126172486;-0.45724279;-0.102173347;-0.247164811;-0.95736431;1.290104369;1.2605111;0.219970234
1.355735169;2.465633057;1.7810486;1.320695766;2.416266981;1.335607713;0.43840118;1.897574652;0.031942792
1.838631746;1.301215079;1.7725668;1.536631211;0.895235018;1.096581179;0.846246095;1.223695051;1.197782816
-0.134194743;0.521809522;0.047279605;0.860241124;1.140264502;0.730196049;1.355524166;0.355677063;0.664030526
1.056224134;1.476632401;1.148218147;1.363614523;1.662961946;0.556110415;0.67506728;0.713637629;1.403372447
0.104721414;0.49323824;0.37424498;-0.916884139;0.457904263;0.142382589;2.674456538;1.943984006;1.932715695
1.338561019;1.118000568;1.632822837;1.96769099;2.191235619;1.567214195;0.21856326;1.171828455;0.758110311
1.003144315;1.252055924;1.425612704;-0.129064181;0.979414225;0.371609841;1.576087478;1.277404498;1.874522108
0.887533588;0.282417069;1.042313195;3.662428421;2.892299312;3.6307983;0.386395174;0.382175559;0.695095938
0.579550736;0.88205568;0.720732755;0.653515456;0.63081832;1.092958914;1.037476844;0.270860663;2.033726223
0.410619964;0.807142552;-0.441881301;1.520344889;1.265854605;2.048737142;1.484060798;1.907955182;0.969470854
0.059225298;0.493505492;0.32419518;-1.27789887;0.269922965;0.038909632;0.960209585;1.066050836;1.091575333
2.332352256;2.167909654;2.100586155;-1.787114535;0.13327653;-0.738074011;-0.227992874;0.507213583;0.080425077
3.504229141;2.089818988;2.060277065;3.266026783;2.222361325;2.346117235;2.616710389;2.317095096;2.337557497
2.071938104;1.661505996;1.293549835;3.948361992;3.937731402;2.664093424;1.867516928;1.99264049;1.729310279
0.889914387;1.692896702;1.850894547;2.371987686;2.913617888;2.545183744;1.896158978;1.567975781;1.723079283
1.499568438;2.061120526;1.77478245;1.466717813;1.869941783;0.667466263;0.648337735;1.919551213;0.634124796
1.592713555;1.568171664;0.883406578;1.66636313;1.817133674;1.871550107;0.366632373;0.807731982;1.427614322
0.248900549;1.824140913;1.268748978;1.421601063;1.005942324;0.780893946;0.477482117;1.027596347;1.010439462
-0.064424823;1.260794899;1.439907723;1.169717469;0.927515974;1.327469319;-0.193081054;1.182615825;0.063468565
1.422358432;2.307447515;2.027154245;0.934178581;1.631747199;1.193103623;1.258828458;1.444652134;1.335491113
-1.101364744;-0.764542759;-1.319221971;1.425952266;1.214582813;1.009686684;1.39991571;1.136564788;1.069338395
0.911957503;0.898059063;0.79829721;0.261115168;1.48218767;0.86806342;1.7502756;1.846580136;0.777654978
-2.089219299;-0.039401593;-1.160504327;1.191430965;1.490466835;2.247447053;1.305064524;1.190759868;1.699631188
2.601729229;2.265676096;1.946650302;7.224360003;6.129872069;5.850741756;3.904707493;2.970323375;4.06481607
1.895622986;1.176621574;1.4179811;1.716705919;1.625626392;1.296451785;1.971944786;1.329879733;0.36387833
0.102086249;0.441253907;-0.271299588;-1.985226897;-0.628581594;-1.622403586;1.524232831;1.485771199;1.46322079
1.435705498;1.857935871;2.133417734;2.002140392;3.207568532;2.099415384;2.683922024;2.535575677;2.552916478
-0.577764744;-0.082961004;-0.086032813;1.765236347;1.692559216;2.903802957;-1.283706397;0.296679179;0.051531177
1.059700627;0.484649671;0.538964867;0.476038109;0.217143259;-1.369765317;2.758764714;2.367802318;1.130003711
0.487279254;0.915936713;0.412257123;2.034633323;1.730247218;2.206043792;-0.386146846;0.240565459;-0.301561068
-0.043549452;0.390200212;-0.512081993;-0.341689017;0.854639524;0.236760171;1.305527274;0.889359843;1.310246005
-0.080897061;0.427490731;0.867391481;-0.037792206;0.827897269;0.721934776;0.368168618;-0.001703009;0.151770924
2.364014592;1.999959074;1.209976217;2.600408444;2.056510001;2.608577016;2.225140903;1.53685332;1.094912991
2.850594399;2.363323511;2.239748543;1.897570291;2.279124129;1.810557232;0.803514198;1.934439082;1.472111919
1.865859554;1.042397033;1.807663749;2.980736328;2.250977423;1.602026883;1.746987182;1.610593708;1.366498416
-0.230406993;0.809712141;-0.418458718;1.805495407;1.963306214;0.547660901;0.623245684;1.414522496;1.06680863
0.200616544;0.698266509;-0.61125661;2.016410826;1.649449655;1.939687252;1.469839507;2.102506317;2.220459562
0.941843576;0.798806718;0.628456723;0.11852043;0.495998315;0.94292553;1.260523745;0.902277548;1.534134543
-0.203244533;0.371950353;-0.104479456;1.029767053;1.353360099;1.768260398;0.570839115;1.427063762;0.176666832
0.5523102;0.433629163;-0.111347565;0.53423778;1.196697672;-0.216095984;2.059131184;1.611800239;1.160761329
0.830264708;1.736808907;1.60421856;-0.099217017;-0.335155372;-0.54899221;1.042494461;1.142236778;0.958759029
0.71268966;1.004474618;0.735847291;-0.310020354;0.240555292;-0.241328221;2.755234399;2.732881868;2.088275649
0.243242154;-0.087677066;-0.088507156;0.834771748;1.538271981;0.777113211;0.690300847;2.311944681;1.119980312
-0.330673535;0.026517031;-0.164608391;0.999455083;1.772146329;1.089264477;0.400170463;0.568718705;0.893048842
0.285272068;1.128196276;0.758961899;0.609242279;0.946634164;0.974805083;-0.006929506;0.783238134;-0.155901607
1.057795576;1.762412345;0.95328253;0.664258689;0.705052465;1.139683086;0.529684854;0.068468127;0.400329202
1.427321101;2.229785017;0.589866125;3.233547486;2.590103653;3.231117183;1.819577008;2.580747975;1.67135935
1.231467888;1.086600894;1.327799526;-0.178621047;0.568195866;-0.22143746;0.695810785;1.828242816;1.497108747
-1.177910457;0.127236814;-1.142367416;-1.03853009;-0.530982435;-0.982881456;0.48707864;2.126185092;0.881218671
0.25198241;0.888401483;1.10924623;-1.339674462;-0.167787581;-1.019466584;-0.693234528;0.958301705;-0.522382799
2.264421691;2.189401747;2.119173953;-1.019703313;-0.611430736;-1.486248118;0.843795399;0.87407045;0.279184971
2.208220955;1.089885993;1.532901349;2.746000832;1.306450152;1.887897413;1.231454194;1.48165648;0.571886597
-0.626115208;-0.597598572;-0.389106964;-0.855808941;-0.841818009;-0.248773441;-0.352022499;0.221739609;-0.056792519
0.489097246;1.512150857;1.165982859;-1.546219639;-0.051745733;-0.860354386;-1.576074696;-0.82702592;-1.052682502
2.39555541;1.644769978;2.432273363;2.556583634;2.315501079;1.555455941;1.537284666;1.910377137;2.109317763
1.409557067;1.658993614;0.981494744;3.01706902;2.104097372;2.246706592;3.177896026;1.791312249;1.835108358
1.973359986;2.498042053;2.063937272;3.392644814;2.971967954;2.774712396;1.317150651;0.838723771;0.312080868
0.020705844;0.762271395;-0.492016922;-0.494006035;0.546447773;-0.20130093;2.764817603;2.465887574;1.911159376
0.680274156;-0.019885982;-0.079299243;-1.135967088;-0.567252121;-0.458269951;0.94732111;0.273949485;0.24043015
-0.570554976;0.378532057;-1.182567228;-1.26922168;-1.533915717;-1.408266393;1.779979089;0.86595025;1.232866312
2.250869718;2.420239304;1.65672021;0.912515386;1.697100585;1.308380609;0.858472048;0.959894301;0.95044552
-0.13024232;0.479444071;0.66975533;1.042000982;1.604581501;0.048022497;0.603471765;1.139972784;1.435295508
1.891538606;1.839639486;2.277770013;1.885886672;2.084247423;1.807247178;0.577532087;1.241054162;1.030398697
1.463399148;1.680461125;1.203580299;1.934855905;2.242927756;2.057213744;1.389004693;1.454767583;1.158849446
0.815728435;1.386466677;0.732596132;1.662829796;1.314176746;0.870882966;-0.473418876;-0.018956948;-0.693137862
1.288957038;1.432595303;0.41733095;-1.243161502;0.187902564;-1.160105485;1.268172444;1.521442718;0.37364715
1.514487378;1.005862652;0.760105761;2.711534396;1.154070047;2.431442517;0.184511557;0.203163786;-0.248912181
0.346023187;0.610220329;-0.239259312;1.80019399;2.108548754;2.168405;-0.153275197;-0.27155297;-0.235043299
1.517233477;1.542804909;0.8354013;1.569455587;1.662646065;1.850265803;1.82248539;2.49570331;2.057333937
0.66800113;0.996445563;0.279785717;-0.348658969;-0.332482121;-0.385846788;-0.906870211;0.550376865;1.010634133
0.344378445;0.216480954;0.147212024;0.565584294;0.803148648;-0.525734458;0.555701866;0.34246951;-0.373272957
-0.07282575;0.875193284;0.739794938;0.760543261;0.893434729;0.973082803;-0.061081769;-0.2350119;-0.660225879
1.065373965;1.033676034;1.397832126;-1.199688115;-0.483340909;-0.449016665;0.51965486;1.240046182;0.76979088
0.823996699;1.318347481;1.082673416;2.619412605;3.079569183;2.473083409;2.8101438;2.941319845;2.473826008
-0.190101309;0.908550531;0.321299035;1.573049596;1.466069288;1.2123112;0.076591185;0.027745253;0.339360814
0.632505213;0.764439922;0.467479298;0.67449973;0.408554218;1.065512003;-1.046799651;0.098013095;-0.622839333
1.985770706;1.234201593;1.028055196;1.558591076;1.02188455;1.479343278;1.98261019;2.019010208;1.755857776
2.451653419;1.677918486;1.646752853;1.371078393;1.116289947;2.123960321;1.451989096;1.74254381;1.486442859
-0.104088453;0.792472569;0.011110558;2.448239571;2.029235954;2.291756919;0.01509949;1.100968865;0.235140478
2.40235165;2.007208364;2.029809338;3.357583297;2.671136844;2.381441776;0.92815556;1.67537223;1.093889921
0.344272394;1.421744421;0.151062325;1.016896584;0.085392992;0.045229773;-0.297233591;0.234504121;0.296669224
3.200603135;3.409521201;2.59797481;4.930161142;4.237432172;3.984776956;2.51607825;2.821237055;1.291160809
0.518713194;0.132594408;0.584115105;0.414677542;1.163332522;0.879618992;-0.662177186;0.424155839;-0.053356486
1.13444091;2.054686016;1.153469814;-1.214230064;-0.7361559;-0.289958552;-0.25015526;-0.205716413;-1.095538103
0.255352712;0.314821134;0.406304852;-0.713289357;0.614705814;-0.172562205;-0.591462396;-0.271523277;-0.00854686
-0.048104987;0.593296779;-0.585149153;-0.17899395;0.454939499;-0.005469289;1.246326933;1.136109086;0.600327961
1.457378257;1.611017987;2.229335791;3.269943842;3.277638084;3.019038034;1.173356869;1.375007741;1.659503087
-0.218902445;1.037034224;0.428189972;0.714151506;1.535716904;1.021959816;1.437883529;1.087152937;0.477235521
0.76239453;1.042560631;0.200236917;1.912912702;1.659278615;0.889004355;-0.104005578;-0.1039293;0.282248981
4.323932243;4.003671025;3.669905407;6.511588742;5.359828537;5.329437463;2.074367578;1.607376635;1.294475136
0.762035662;0.474712027;0.799779672;1.781701413;1.224306679;1.485571278;0.785872833;0.91061569;0.272774178
0.522229631;0.953695143;-0.326861045;0.507834933;1.448902847;0.155837884;0.547810599;0.962479935;0.854546431
0.011768934;0.058202261;0.597041815;2.023066277;1.384683147;1.505635557;-1.917758947;-0.740129594;-1.408630974
1.015883155;1.22974532;0.831796343;2.385801545;2.11957464;3.375006836;1.042689459;1.488562792;0.528332634
1.201507878;1.901010682;1.501523702;1.366665998;1.40455009;0.606473401;1.051945441;0.860321512;0.953769119
1.414785772;0.270191323;0.879642489;-0.581672961;0.204498253;-0.338833562;-0.886838291;0.021566889;-0.706281891
0.927081915;1.05994143;0.392709811;-0.565264923;0.491451789;0.149475508;0.466748956;0.589041089;0.38456525
2.099226193;1.85736791;1.883845724;5.081436358;3.238902944;3.942835567;2.6125447;3.973936474;2.540382626
1.905203865;1.461855694;1.389984525;2.866518375;3.235132145;2.522910215;2.483775912;2.400981869;2.815394176
-0.561697486;0.687985652;0.032025582;1.533209084;2.072491752;0.570554008;1.369602728;1.633614066;1.480404531
1.194648075;0.477382586;1.218926978;-1.4274399;-0.494465081;-1.442137279;0.316455562;0.945903857;0.208818326
2.283167401;2.043754317;1.979084746;-0.534071377;-0.562756575;-0.070005345;-0.474502645;-0.317211793;-0.327140854
-0.105444603;0.673025308;0.715047788;1.845604222;1.950886168;0.802465137;2.148657376;2.420153582;1.494254248
-0.429174364;-0.037403018;-0.380016932;0.562762656;0.944588381;0.066895465;-1.018706987;-0.422333672;-0.470271742
0.183118509;0.093534836;-1.029039066;-0.231043348;0.994565852;0.009434757;1.201145676;1.263692054;1.183856421
0.146052169;-0.577840224;-0.058963548;-0.359540341;0.729075768;0.871322259;2.752201598;2.739864115;2.966489608
0.997029892;1.543295558;1.406534927;0.41324934;1.117167197;1.480546816;0.025742867;0.509830228;0.452368198
1.634583004;1.458542747;1.493423096;0.842697554;0.829054165;0.282390234;-0.84197355;0.428744113;0.015378655
2.336203036;2.4680743;1.537407198;0.565899979;0.779726063;0.960556181;-0.065395882;1.06414496;0.274607383
2.837578797;2.219757934;1.600684524;2.051910948;2.528915799;2.06479023;2.399440554;3.207033122;2.524777347
0.146942459;0.405362029;-0.513299108;-0.599187872;-1.355459431;-0.20766647;1.809163167;1.441647608;1.400799224
1.311311118;1.0683993;1.210642155;2.505206336;2.569761574;2.111999113;0.841580029;0.987356397;1.723026892
1.337599901;1.609456221;0.381229315;0.404036803;1.148111464;0.562080033;0.313702678;0.639929622;0.331958067
0.881886679;0.223721006;0.536141124;1.235527625;1.235204122;1.462715453;1.523474676;1.894749293;1.352240459
1.076866021;1.207373288;0.926691464;-1.112640217;-0.46336326;-0.458287291;0.351695659;0.728918677;0.80712474
0.023879167;0.284586819;-0.296323909;0.996556739;0.790452456;0.251571052;1.865441601;1.065330549;0.805857862
0.839014819;1.127009595;0.973710272;0.791939107;-0.053689442;0.155256448;1.599911856;1.31458404;1.89602555
-0.750921113;-0.519292403;-1.067371551;-0.67334253;0.405652732;-0.201513317;1.143007719;1.111937637;1.731860173
2.044351991;1.548096964;1.51665278;0.46111872;0.952963979;1.396695989;0.941334347;1.879827471;0.521859829
1.578193745;1.377928217;0.922027581;1.953590208;1.882858111;1.791413539;2.692518189;1.393741724;2.282286664
0.581342363;0.35072191;0.331628438;-0.29465703;-0.045414311;-0.489626237;2.478903492;2.408156477;2.127879296
1.643466482;1.461200531;1.997691085;3.552196868;3.620244476;2.771677796;2.914140444;2.882798437;2.216355969
-0.888777244;-0.54638237;-0.373273605;1.426151622;1.087611918;0.252882066;-0.462284233;0.683055253;-1.247024295
1.929238034;2.296162953;2.530032442;1.43091487;1.598047182;1.108378223;1.474964724;1.008751361;0.750368142
1.032005193;1.664964484;0.329430765;0.177754522;1.116921728;0.55193664;-2.340110614;0.214674103;-0.982269682
1.163240796;1.151348823;0.834127151;2.232384113;2.515575594;2.153745671;2.400938698;2.324675787;2.070892023
-0.488827587;0.482539553;0.559417318;-0.261102027;-0.427815876;-0.149190584;0.244915102;0.62902704;0.48169721
2.670040776;2.16938333;1.116503607;3.889347452;3.87906031;3.2036211;2.946094373;2.079759893;2.116484624
-0.309855167;-0.816589671;-0.376028535;-1.84476571;-1.393253546;-1.553694822;0.855340707;1.727207003;1.721489275
0.356865979;-0.379663858;-0.1309892;2.551799886;2.537220503;3.087397556;1.140261914;1.664642297;1.418806569
1.435745853;1.901036047;1.96160622;-0.796661963;0.353536486;-0.449308265;1.519819431;1.309973649;1.298712733
0.092394928;0.952242523;0.767603227;2.388160052;2.148411176;1.654145318;1.667765533;0.738490656;1.684811486
1.511914052;1.945700017;1.614605192;1.298072441;2.142982204;0.875226669;1.397366652;1.596115342;2.239773322
2.211009661;1.578004746;2.479469706;4.583943523;4.469953526;3.934905065;2.670973344;3.138457825;1.843426909
1.223053911;1.635985991;1.416906428;2.375430086;2.411680372;2.108815741;2.876025564;2.515802425;1.796511185
2.715187963;2.404729704;2.858039058;2.730062958;3.023481569;1.638025313;0.872267586;0.997222406;0.684150247
1.543455777;1.807136272;1.10240795;-1.053286095;0.058471757;-1.535878262;-0.514938669;-0.061533789;-0.645523706
1.594624358;1.963444492;1.172696469;3.843845887;3.50955791;3.916562172;2.132365462;2.424895528;2.391612415
2.779245049;1.978667074;2.099495218;1.079541677;1.256695004;0.696163194;1.107914916;1.344711592;1.559366182
2.415988243;1.843067031;1.547171619;2.716909769;3.145817963;2.081922319;-0.056273783;0.94872857;0.657862047
-0.360099866;0.225271049;0.776676229;1.794250508;1.697932357;1.46604958;-0.043233833;0.807926427;0.278850086
0.720372769;1.000255296;0.580877659;0.509734764;1.167154549;1.083439561;1.354467383;0.735366459;0.679475536
3.647928549;3.875365162;3.995362038;2.166023687;2.239372235;2.339386547;2.17419196;1.74213792;2.346628507
0.220935561;0.520855156;0.564869189;0.667489685;0.576665474;1.25850838;0.466423776;1.207778732;-0.210059888
2.026079323;1.648171222;1.129575919;2.817354955;2.231493323;1.485041476;2.740552571;2.744302901;2.706145464
0.923608667;0.911250856;0.808147678;0.240760646;0.821934672;0.787986047;1.299605292;2.077592639;1.15557044
1.181380159;0.456780761;0.570561292;-0.741357604;0.014816025;0.108924839;0.210368123;0.540245102;0.816519702
3.593643313;2.748103396;2.956315713;9.50599034;8.18460235;8.656653712;3.784829108;3.502934204;2.581863741
1.984801433;0.896940245;2.122876644;1.711039455;1.306945267;0.995765554;-0.538238724;-0.88899189;-1.551586658
0.850735239;1.109919062;1.169546514;3.061140314;2.674630699;2.759161804;1.646061492;1.432309673;1.73841969
-1.206225824;0.694223405;-0.493559831;0.936675894;1.094809088;0.62293719;1.442722899;1.398919513;0.456521878
-0.291046667;0.012925968;-0.233030962;0.897738015;0.87305402;-0.117317267;1.156403709;1.303507078;1.565587049
0.475354889;0.79906669;-0.212217033;0.142038209;-0.80808684;-0.720527314;1.835216654;0.813668608;1.063630666
-0.683043383;-0.836440889;-0.401686952;-0.574594795;-0.314164681;-1.095294807;2.386145238;1.395832402;1.78516706
1.90846179;1.778398709;2.352010941;4.225963185;2.896564835;3.578498533;1.781489481;2.939055196;2.355538544
1.016583277;1.445074424;0.929372419;0.096306648;0.569360431;-0.363111795;-0.886804551;-1.152676311;-1.183202292
1.142181772;1.72539368;1.05538092;2.11141964;1.655867232;2.111427567;1.79361396;1.971367306;2.392604129
-0.939939577;-0.367230906;0.005079193;0.434216376;1.068614695;-0.009504285;-0.639869828;0.618698141;0.335708858
0.943380628;1.224600529;2.396956403;0.856434058;0.767829249;0.986287178;3.181214164;2.113306323;2.673441123
0.613388402;0.79794665;1.504204401;0.600253218;0.954539228;0.408837052;-0.445125527;0.236710585;0.218517343
1.427068063;1.288157155;0.996484837;1.230069979;2.225048375;1.051662455;1.191944885;1.244340052;0.949719693
1.008333174;0.675172823;0.622394143;0.484275544;1.11455535;0.617798577;2.674058378;2.675664955;2.197839122
1.680899486;1.372289773;2.125287096;4.162269144;3.441109208;3.490859416;1.368973459;0.697490843;1.688739847
0.272723577;0.947925557;0.87325813;-0.501763757;-0.524559801;-0.989632962;-1.163994593;-0.748848835;-0.98250615
0.86515683;1.974754193;0.933788016;5.218998058;4.10582561;4.34550112;1.763192999;2.480799118;2.836432124
0.90202114;2.222271038;0.399999182;-0.827062364;-0.64525702;-0.700033955;-1.142215591;-0.648983363;-1.110073969
1.278030386;1.056215262;0.96898699;-0.565167076;-0.182860674;0.515814982;0.836087443;1.189758848;0.362020231
1.874362578;1.488083467;1.28256068;2.370331729;2.693963938;2.721632984;1.91817647;1.271471708;1.735930295
-0.524613023;0.586292578;0.872433053;1.088312262;1.151382463;0.702866378;0.951453515;2.314805566;1.299420168
2.13839555;1.76199272;0.768784594;1.778729041;2.351537244;2.132496996;1.910252281;1.687668877;1.52469298
1.807729878;2.236507103;1.728361255;0.176663086;0.560661968;0.028947139;-0.875353195;0.460321281;-0.334751837
1.162358482;1.50082402;0.792114483;2.487965232;2.544123734;2.286618829;1.806015091;1.993092466;1.56542444
-0.602972302;0.232413402;-0.629189448;-1.239109608;0.377129198;-0.930775984;0.863070342;0.614840793;0.625317659
0.72013843;0.327687479;0.004948527;0.430588108;0.420735155;0.410389155;2.019621947;1.350201693;1.959376952
0.458651161;0.524591126;0.036608719;2.50114317;1.34256134;1.954279718;3.059568393;2.019496796;2.404215135
-0.975754156;-0.747078763;-0.417485127;1.670925307;1.499334273;1.221735052;-0.710152274;0.312697562;0.199401285
3.189977877;3.876986675;2.812790304;6.633916803;5.750092866;6.353847048;3.55687967;3.534857011;3.173499785
-0.438334483;0.308247844;0.955942639;2.004275202;1.761929473;2.240059325;0.817841206;0.717055589;0.032768927
2.266835282;2.011954744;1.968506032;0.886322123;0.457832646;1.242262385;0.28080486;0.975700327;-0.122022314
0.099882268;1.354846798;-0.58376798;-0.214014904;0.035743646;0.064638409;1.076754995;1.875171607;1.02624496
-0.609949891;0.002060101;-0.381453183;-0.939223002;-0.634364002;-1.27353133;1.333138077;1.452910714;0.981145765
1.282893138;1.71417734;1.341435203;0.120829954;0.646122893;-0.441565173;1.206561877;1.3119353;1.437723923
0.325864159;0.495301189;0.99350062;0.357169221;0.842809158;0.783854371;1.399042073;1.517864186;1.48646802
1.536771603;1.223070161;1.250803213;4.041358514;3.355777078;3.736092659;0.733311945;1.109053841;0.495804171
1.182468981;1.440530812;0.819137188;1.223444825;1.359512141;0.825400947;0.626994882;0.673729343;-0.194056578
1.722821572;1.018931346;1.001589968;4.788096166;4.391846028;3.84619127;0.690409085;1.557313146;1.72364211
-0.748375602;-1.158251881;-1.139904193;-0.655289778;-0.190649621;0.025594194;1.073313623;0.5490135;0.729071523
1.77506456;2.607076899;2.709376794;3.314741494;3.257699796;2.939148858;0.930355065;0.898681237;0.790433672
0.168951182;0.962608501;0.147925192;-1.879554301;-1.331907496;-2.397033657;-1.941712476;-1.596010779;-1.455244075
-0.554984931;-0.221563323;-0.166688725;1.064756098;0.784062053;0.765251839;-0.537133511;-0.603922305;-0.172417203
2.193759139;1.367194239;1.741549178;1.65572312;1.569120482;1.067453691;1.092887593;0.529124879;0.858961293
2.907141032;3.534514196;3.023040124;0.711994896;0.661740601;0.388013942;-0.734135704;-0.268887417;-0.303543108
1.036651131;0.617600639;-0.183752733;0.735376051;0.801814872;0.808180465;0.762968882;1.272524533;1.325884039
2.860694708;2.550615381;2.218775051;0.85320703;1.459457422;1.481477318;1.234943804;1.641380196;0.60301407
0.842871925;1.31605603;1.012684147;0.335365742;1.20319441;-0.226037031;2.223518166;2.023120461;1.767310681
2.035742772;1.288928197;0.791045058;1.862134333;1.577088932;1.923449187;1.246827079;1.241615934;1.289263673
2.583689825;2.372067433;1.825374077;1.184918038;1.6780392;0.799545543;1.714518155;2.016234601;1.472491646
0.843512485;1.657012738;0.132278894;0.414252315;1.751962929;1.081066628;2.155414372;2.800340952;3.259819339
-0.792798116;-0.150376399;-0.240461619;0.019648647;0.748279216;0.250082205;-0.851811622;-0.547496094;-0.953103625
0.562253272;0.638781638;-0.040784838;0.581954379;0.928815534;0.947111384;1.626642177;2.102570453;1.856907378
0.980468997;1.763712163;0.797733974;2.451559384;2.658885197;2.202529714;1.577789273;1.185297868;0.21941409
2.255156248;2.65187066;2.563578031;2.232918342;2.643248724;1.43300319;0.974745979;0.668747422;0.81318978
0.067157187;-1.03316579;-0.567581805;1.276804249;1.794929218;1.070512984;-0.084491552;0.525117828;-0.138823011
2.379626702;2.011135658;1.505248764;2.225365418;3.016487265;2.848974807;-0.400011118;1.35590848;0.590449723
-1.484863481;-1.12814294;-1.787604957;1.73253854;1.949283411;1.858445238;0.06296978;-0.053483811;-0.240893805
-1.072969199;-0.51862578;-0.428599564;0.213926847;0.035611611;0.111152248;0.352347599;0.848092475;0.310537141
1.138070903;1.821379796;1.561368221;2.539843189;2.414348477;2.171619684;1.302072432;1.57124706;1.369560879
1.035224856;2.26878623;1.498316745;2.54348312;1.689461939;1.684712097;2.605577262;2.398363315;2.002295647
-0.963600295;-0.267796976;-1.209116648;0.287423851;0.701537967;0.491787946;-0.321127292;-0.135213866;0.840012539
-0.988197164;-0.229476178;-0.956722298;-0.674666841;0.258936547;-0.274482765;1.298015923;1.222278844;1.013142589
0.93830509;1.776596984;1.07177145;-0.937939845;0.517855809;-0.340881401;0.403769516;-0.724511005;0.014988952
0.972126955;0.781611824;0.893374989;-0.951237854;-0.073536411;-0.40273429;-0.595278071;0.682696823;-0.27903697
1.242059687;1.665022205;1.896790631;1.164662516;0.658781604;1.00763284;0.85223545;0.412389507;1.113498612
2.666221452;2.816808941;2.385665457;3.347631747;2.958548231;2.401616876;1.705938643;1.748128888;1.214262781
1.168846503;0.852700208;0.21597876;2.511450027;1.861676929;1.55188059;2.033003714;2.248165709;2.863457367
2.299580853;2.558477741;1.937302015;1.201386026;1.211442454;1.221514549;0.720239054;0.687947879;0.504751012
1.385129075;0.881335979;0.246453644;-1.630764049;-1.25306775;-1.156838913;1.004894847;0.972918469;-0.299646993
0.978529039;1.267951119;1.549238223;2.211488802;1.473425496;1.948280081;1.326485431;0.656853186;0.864517021
1.889315408;1.633301102;1.398929451;0.980712657;1.302368138;1.277522642;1.514000054;1.867554663;0.873191946
2.82622542;2.794962314;2.96977527;3.820762365;3.571178311;3.430732539;1.78428729;1.361105215;1.943881495
-1.334029857;-0.778480842;-0.139619416;-1.876283011;0.039165377;-1.193318008;1.635206372;1.97067582;1.145201862
-0.010023434;0.483290526;0.036533277;-0.408024393;0.496234809;0.412498209;0.499594208;1.265250606;1.249876611
-0.43031541;0.016431016;-0.328004973;-0.05179269;0.979975095;0.510966123;1.722816861;1.904514086;1.866852993
-0.316656106;0.632291737;-0.955031369;0.76410179;0.587123296;1.08505108;1.432138992;1.618702111;1.686349789
1.666116547;1.670371801;0.887092078;0.13320095;-0.135991253;-0.206338621;1.122297997;0.469512976;-0.372839765
0.743429268;1.337617521;0.357984618;2.098493447;2.598538387;1.807225908;2.384313692;2.697435698;1.364516933
-0.53801836;0.786204482;-0.147825083;0.174047511;0.326983917;-0.286464634;1.264746513;0.898536778;1.006494393
0.893728859;1.309317592;0.69671418;3.925706719;3.084979629;4.07170879;2.313364755;3.088136986;2.531272119
1.926790373;2.309072033;2.740421337;-2.378384685;-1.445473571;-1.965768014;-0.419394755;-0.248474283;-0.017973218
-0.009562652;0.609758906;0.979580404;0.218710391;0.508746636;-0.316744189;2.789401952;2.691058291;2.314287423
1.327594376;1.075403687;1.970073064;2.907914806;2.921186363;3.000805429;1.333230797;2.106831647;1.182392365
0.517209874;0.596222797;-0.790876684;1.641675491;0.723909891;1.547802129;-1.223169231;-0.476096795;-0.751368742
1.672112732;0.923289873;1.35408561;-0.642501438;0.270290726;-0.136254635;0.338016373;0.496644597;0.427343931
2.414010223;1.327089709;2.164384817;3.763923353;4.026515004;4.169536133;1.970427111;2.438740134;1.866717331
-0.950530429;-1.306911685;-1.280395353;-0.644547751;-0.037659644;-0.079846362;0.473859085;0.905471997;0.173305899
2.145569798;1.387766933;1.499243046;-0.539982394;0.687182398;0.391859125;0.816577209;1.714944337;1.244889792
0.248840547;1.064175545;0.078407565;1.912141727;1.809993503;1.629548358;2.237964198;2.000132239;1.225464762
0.986675627;1.187407726;1.665888365;0.921749005;0.837925454;0.824807707;1.8910398;1.200555876;1.928773458
0.722913111;0.068339956;0.091018984;-0.947583429;0.20577351;-0.462252537;0.383312619;0.820965799;0.687096112
2.904781815;2.041247173;1.474684339;3.020933546;3.158638678;2.85258792;1.248354986;0.393018112;1.544410959
1.316978564;1.150017949;2.474504311;2.918010943;2.849225551;2.97492011;3.048598983;2.531506966;3.279611908
2.058216517;2.341079099;1.317306464;3.3859184;3.307640019;3.341991185;0.547059825;0.979921354;0.665457159
0.377254433;0.62180368;0.782152318;-0.583894036;-0.091740867;-0.12007562;2.087564189;1.970780766;1.682553583
-1.356456608;-0.05426603;-0.570397003;2.037169682;1.740765079;1.953403617;-2.436407516;-1.133536801;-1.546623995
1.888766266;0.920097777;1.556764211;-0.562685206;-0.136267132;-0.789708007;0.579533265;1.286107317;-0.017241138
1.860798873;1.964229717;1.287889319;2.345428748;2.411277823;2.100340225;2.2044436;1.903145543;1.445986599
1.92675018;1.80032386;1.693117436;1.697063806;1.672837382;1.963824254;1.150202667;1.155868725;0.226084885
1.579816609;1.475109935;1.08601317;0.426435997;0.403773632;-0.15560445;2.113705683;1.914164668;2.032725933
-0.076157513;0.174419688;-0.131406817;-1.264039077;-1.341699877;-0.330614007;1.120061614;1.568702648;1.690799486
0.747677578;1.351676176;0.690786384;1.478435351;0.661334103;1.43246617;0.563283952;1.086288957;0.482290111
2.027801943;1.336659898;1.516506016;0.593568869;1.416253814;1.248550688;1.691894284;1.839062983;0.840473995
2.869291775;2.643790851;2.148007767;0.724110292;1.200301259;0.521654248;0.438601796;1.012729754;0.425555464
0.496845176;0.658449188;0.225176515;1.236489797;1.631275021;0.799427506;2.678808135;1.958242032;2.652316581
1.712725794;1.42726451;1.542214992;1.315249831;1.441440746;1.785881677;1.726547167;1.110153163;1.559543777
1.816004637;1.787579513;1.445779186;2.851440725;2.781534878;2.628559241;4.345026263;3.017888631;3.955064994
2.060619415;2.024919092;1.312960819;-0.130216165;0.514350163;0.045120869;1.114460255;1.204430966;1.191234071
1.820264927;1.81733203;0.532369937;2.19537987;1.831350137;2.276613961;1.555118906;1.53394147;0.85514248
1.215110512;0.854432087;0.639517651;2.503944885;2.466899343;1.875994755;2.112438118;1.402793353;1.286595001
-0.135303825;0.623819096;0.261197103;0.466040601;0.667176444;0.682248097;-0.540217589;-0.408753835;-0.819050086
0.502779959;2.195206471;1.344104557;0.926297309;1.202338005;0.719781179;1.157316015;0.988718871;0.85565841
-0.082376148;0.538605844;-0.023484042;0.090063562;0.844391596;-0.552997571;0.827098675;1.554957525;0.957105973
2.870389672;3.125429518;3.32715516;3.919204588;3.778369736;4.386758264;1.166184678;1.580297298;1.370937531
2.525527639;3.216100448;2.509438815;5.581115215;4.27202757;4.47015679;1.547757262;1.065314564;1.030905595
1.278807821;1.053205139;1.586767255;3.935453483;2.633466498;2.602006266;2.431429021;1.669874373;1.645063407
1.971127184;1.661166429;2.193061608;2.337628309;2.752069789;2.115184265;1.15869283;1.66312954;1.453838511
2.492695191;2.517790788;2.006517396;4.918024471;4.298046396;4.29996632;1.887270685;2.241594833;2.285714279
1.743632802;2.07279367;0.519031294;0.766334284;1.609426283;-0.002847929;1.774494441;2.352794965;2.49843445
2.27248405;2.307425032;2.702415022;3.405533902;2.314807342;2.593157793;1.046022074;1.490687011;0.332595272
0.936750656;1.988050197;2.339318701;-0.064004759;-0.356820009;-1.216744896;-0.253939211;-0.873506879;-0.752931282
0.361313112;1.502894129;0.845338959;0.457004856;1.00244802;0.127418958;1.69023953;2.188989219;2.160105553
0.811881139;0.022256486;0.406873141;-0.420792455;0.179907189;-0.610096245;1.738616762;1.438004012;0.858481805
0.978275779;1.505398461;0.62922725;0.923003041;1.077897402;1.347851723;1.659925439;1.735805128;1.582355675
2.26632783;2.848060786;2.790633549;5.493343844;4.854403569;5.869631834;1.680442077;1.902727671;1.498054569
-0.00605233;0.790104752;-0.42083772;1.316484533;1.541226547;0.997950619;-0.308298899;0.713881171;-0.165634315
0.514965721;1.335833604;-0.185229113;0.653513744;0.948912154;1.048638743;1.106454944;1.565325844;1.198223148
0.418030417;0.638797181;0.191612683;-0.601616749;0.715788621;-0.088510371;0.401669077;0.313981515;-0.450959751
-0.141878688;0.700854101;0.098043787;-0.74830018;-0.896463355;-0.293067154;1.208021319;0.513439061;1.612519368
1.451220345;1.441365981;0.760049152;0.901907829;1.98600322;0.822750382;1.918490059;2.10931433;1.61682977
-0.177979077;0.742547988;-0.333279819;1.22846596;1.447107417;0.892598239;0.704531111;0.517083041;1.022515065
0.372662257;0.612138462;-0.208609977;0.450016835;0.616681386;-0.616952166;-1.440590719;-1.134056101;-0.734491777
-0.618182646;-0.176760856;-0.450117905;-0.094447011;0.521533726;1.489007915;0.741947661;1.199600034;0.138532685
1.088311137;1.192983518;0.912329415;3.335819214;2.589439899;2.721681167;1.001324653;1.368059002;0.929547975
-0.141531;0.892059196;-0.048180923;-0.493462455;0.187920585;-0.359752131;1.213404684;0.852073856;1.247895349
0.486153066;0.829188717;1.303104382;0.698211938;1.322134687;1.497111433;0.974236792;1.484248566;1.012948483
0.682531932;0.762654794;0.831010209;1.459983234;2.287699111;1.960882238;0.336147451;0.774533239;0.109557385
2.437208645;2.5298522;2.303420581;3.221037683;2.221308039;2.687451486;1.223005048;1.08069308;1.191845321
1.668396415;1.731544492;1.955142633;0.752217241;1.155920739;1.432165158;0.794813;1.195524911;0.757462595
1.419367554;1.469334778;1.340271439;1.10693514;1.015225332;1.422354708;0.626800796;0.946759586;1.544628052
-0.309821128;0.130522542;-0.677467861;0.805951833;1.762020734;0.748215764;0.30097247;1.218416864;0.611843324
0.690095127;0.896565759;0.992049961;-0.828405181;0.027076608;-0.333348842;1.941907822;2.310486485;1.983486076
-0.19429906;0.690230231;0.125607516;0.286519798;0.403947209;0.057814166;1.661321381;1.385968378;0.841916808
0.501649759;1.489756409;-0.023805394;0.364809426;1.228859361;0.950860676;0.325871601;0.713875425;-0.104885421
1.03258114;1.735755115;0.865601339;0.58916482;2.455981614;1.073506435;1.357761853;1.910834849;0.914704756
0.28402587;0.256161358;-0.141040749;0.856289091;1.456194624;1.14170702;1.733138162;1.974719389;1.294628458
1.296512752;1.380860258;1.461953498;3.79137795;3.823449086;4.031601153;3.570901735;3.29154211;3.40159572
2.107834203;1.874091069;1.609010442;0.670772197;1.217792455;1.11316136;0.749423927;1.529908841;0.519844099
2.155284434;1.718066556;1.033776461;0.865608648;0.073607921;0.656207927;0.034716752;-0.149891511;-0.017865522
1.520872514;1.483799538;0.855809742;2.691040524;2.246024682;1.858230363;0.37462059;0.655801429;1.115687889
-0.092384283;0.478988171;-0.417785686;1.075598762;0.764359148;1.373684397;0.130904678;0.63055849;0.908577746
1.433757399;1.505309772;0.894209429;2.452711213;1.41112219;2.237378055;1.249571038;1.400351068;2.088580828
2.527542521;2.140046363;1.156994785;3.181968289;3.311918603;2.463808235;2.388657472;2.148578475;2.05186295
-0.044507001;0.304800036;0.516587064;-1.381516006;-0.318399162;-0.593172594;-1.410649173;-0.500989383;-2.247182198
2.24645426;1.085705726;2.360037037;3.1291049;2.722478201;2.668642004;2.26432246;2.27760982;2.428128612
1.664624158;1.747151139;1.341818478;1.665969213;2.182673989;2.342862587;1.441452066;1.007867219;0.784938868
1.352671068;1.583762885;0.467489312;2.937010319;1.853032446;1.605296893;0.414955376;0.27412945;-0.347101282
1.132717192;0.717910963;1.395658375;1.681160744;1.956102289;1.396588124;2.926103887;1.833729149;2.551578796
1.922857661;0.93209267;1.108721353;1.818675512;2.010552909;1.726997148;1.470110404;2.291631613;1.755761314
2.283569227;1.305834456;2.270942995;4.874931113;2.754402581;3.577228586;1.210971722;1.852910515;1.118003807
0.820870562;1.530759766;0.772675735;0.60548627;1.28704131;1.442732166;0.402618072;0.930259362;0.666609762
-0.032715036;0.767240367;-0.05752022;-0.761462068;-0.040758689;-1.074047176;2.627749673;2.274848199;1.683954855
1.832727826;1.687847288;1.077351671;3.574304452;2.707009722;3.038890014;1.189854444;2.400284984;1.711874531
1.506077359;0.762338882;0.82816883;1.417997202;2.159123244;2.160553133;1.300796789;0.771951142;1.157345437
1.13732303;0.933804633;0.710235792;2.58483391;2.208540773;2.351549531;1.920782963;1.840931392;1.523156683
3.020729023;3.370923394;3.456573685;0.431232489;0.81168111;-0.143136734;-0.20083294;-0.183560665;-0.183411131
0.344012065;0.160939191;-0.009338715;-1.25092801;-0.399048243;-0.517277007;1.850043309;2.680589907;2.309441346
1.966046526;2.560830096;1.731914893;4.215338642;4.178450641;3.884415552;1.447887682;2.525142042;1.70655866
-0.043823697;0.455314646;0.27570159;-1.04244452;-0.881019292;-0.774325712;1.892647105;1.421944364;1.814756269
0.994232501;1.330692298;0.359557609;1.230184467;0.565746837;1.812316368;1.986906441;2.801464327;2.159926564
1.691042833;2.009803172;1.2376404;4.288705673;3.434859615;3.280461607;3.247504499;1.468182391;2.684923441
1.587085946;1.781492209;1.384901275;1.104144151;1.82314655;2.082166001;2.158120862;1.524782012;2.473378436
0.994128367;1.071113422;1.613036967;1.027374755;1.373843934;1.280943883;0.694619013;0.136185093;0.343450129
1.073258591;2.180249631;1.372936317;0.0777797;0.24680419;1.029405125;0.445953402;1.030868725;0.094890996
0.414221343;0.936744722;0.151575901;-0.044691548;0.278927881;-0.130450655;0.552867176;0.677400873;0.042648984
1.2088058;1.356967253;0.888769024;2.413150888;2.492336055;1.918477886;2.15750465;2.367886382;1.822506691
1.411384634;1.77294006;1.299212584;0.579001668;-0.466945383;0.613429792;-0.227741104;0.23352146;-0.258252452
1.432076626;1.595287842;1.300460254;3.099393633;4.022060179;3.250822456;2.999134934;3.206917867;3.040993036
1.98712134;2.281936865;1.533390928;0.724205932;1.295313741;1.307181531;2.227134918;1.159763728;1.468265754
0.736573471;0.88241581;0.541725148;0.029974827;0.271916972;-0.458309871;0.415443835;0.834967621;0.540064947
-0.921310115;0.448331898;-0.742740644;-0.181390407;-0.40264617;-0.024954408;2.082212063;2.241720915;1.6060373
-0.235805119;-0.17584612;-1.578702683;1.594053495;1.729270767;1.752659135;-0.713856532;-0.42872849;-1.222880886
0.599938967;0.597139785;-0.087415653;1.99779554;1.925587509;2.360316796;0.02402819;-0.327077483;0.262069299
0.602052868;0.244352155;0.405746599;1.598618905;1.564316761;1.57881596;-0.539975655;-0.174601409;0.153224038
0.760534271;0.717916801;1.312453187;0.239508341;0.514499482;-0.265760654;0.550053725;0.511435317;0.846502963
1.745079039;1.789099362;1.300612656;2.606863576;2.201565167;2.120580902;1.54634702;1.191322378;0.852370307
-0.946028176;-0.196836877;-0.87632869;-0.719649178;-0.351202393;-0.717069001;-0.075730766;0.172556546;0.045312462
1.907216535;1.189700434;1.398096056;0.968193082;0.893711261;0.86081744;1.579886786;1.568450832;0.858900824
0.986806953;1.650689034;0.821997096;-1.516481911;-1.016391921;-0.772901028;-1.535137727;-0.876597069;-1.052120576
1.903892181;0.569103146;1.51691262;-0.931902297;-0.775712058;-0.836336656;0.977066468;0.29561051;0.176524546
0.721273423;1.104081607;0.683585139;-0.368776749;0.78645788;0.559778102;0.065941416;-0.396080608;0.212947924
0.833489725;1.231833503;0.601102275;1.967179985;1.612823359;1.205346947;0.954285677;1.308962761;1.051295088
2.035784371;2.257844644;2.279955793;0.650226998;1.228054267;0.066328067;0.395264017;1.871612837;0.065092402
0.920706272;0.378033807;0.368567762;0.947245074;0.857736819;0.658637057;-0.003389276;-0.514536975;-0.17272063
1.657455715;2.559708982;1.957490956;1.134913359;1.120193701;0.973421099;1.395187059;0.993447699;0.721600968
0.809043259;0.352449134;0.376569353;1.095715438;0.887675364;0.688925534;1.54367719;1.702114413;2.492244633
2.916962981;2.272579184;2.58053536;2.678104944;2.793003682;1.966189068;0.830550417;1.552177446;0.892933265
1.221974275;0.799966116;1.129768283;1.559574254;0.449727343;1.352614027;0.878859371;1.079191513;1.064118683
0.269801157;0.355316126;0.220161333;1.499152304;1.141342817;0.838240146;-0.099741807;-0.279902209;0.182885276
0.149871857;0.232684879;0.042810164;0.778525495;1.26673659;1.769568099;1.504972181;1.117237967;0.943084567
1.699016182;1.055391197;1.86611676;0.433254847;0.894246585;0.168518592;-0.211468051;0.61106016;-0.286543277
0.888202974;1.244460647;0.306625896;-1.062767462;-0.112082165;-0.861351957;0.316322493;1.358418886;0.443273932
-0.274607083;0.821367445;-0.029738493;-0.508456833;0.35269451;-0.128262394;0.995074361;0.759607418;0.732475952
-0.967101875;-0.559114222;-1.43027055;1.518096473;0.647968563;0.733626612;0.606302106;0.984987385;-0.062817004
2.373412325;1.487779434;1.714637928;3.168174517;2.734079101;2.740079442;1.243292596;2.531459012;1.223747906
0.450212853;0.937448782;0.806268167;0.94939325;1.823255138;0.469995643;2.587357008;2.434048542;2.354170192
0.435655062;0.24480563;0.644743468;0.87132641;1.684065635;1.043953045;2.608824216;1.928211698;2.854180046
1.719325278;1.402339163;2.411120253;0.185782271;0.83914172;0.319550942;0.346229738;1.048319289;0.129557176
1.126028937;1.94041194;1.351480503;0.89068049;1.841411438;-0.111131616;-0.358546683;0.815536456;-0.129165699
1.931707952;1.799188034;2.658858078;2.085958028;2.060455754;2.277733841;2.305342429;2.199865813;1.712774656
1.30751997;0.881013469;1.442083951;2.085948078;2.178866103;2.356146264;1.618992469;2.134266742;1.411906836
0.925212715;0.48689536;0.92607487;1.803763119;2.148716926;1.347112511;1.092938303;1.036143749;0.65053135
2.381765521;2.1221957;2.60882571;5.260425577;3.582484644;4.466657618;3.397125809;2.464982173;2.379426221
1.00938504;1.325004832;1.216966936;-0.795347493;0.380653714;0.199866893;-0.480252208;0.120966302;-0.721306212
1.589639729;1.8350191;1.728139621;1.471615985;1.803109853;1.239298841;0.840453962;0.658529172;0.258554561
0.919676038;0.654108376;0.874989405;1.561276248;1.012296488;1.408006525;-0.09277103;0.881587394;-0.161393652
1.089091407;0.22086862;-0.164558721;1.251775878;1.305912123;0.330547169;2.092858654;2.674111056;2.625891792
0.412154981;0.876551659;-0.038909936;-1.820849935;-0.378671371;-0.43958988;1.598219038;2.087755396;1.379888721
1.091671696;1.085566719;0.699798982;2.223161023;2.333243365;1.836868427;0.855865541;0.546080754;1.105747919
0.186376732;-0.040014969;0.159052521;-0.682291734;-0.664477184;-0.173625299;0.033218341;0.629488614;-0.065773737
3.324697225;2.714779826;2.359793869;5.907469218;4.872943171;5.949768701;2.633436221;2.463884511;2.722869631
3.101733265;2.945340216;2.832843302;0.638965895;1.44782415;1.611914841;1.019170813;0.859963111;0.679725857
2.184012417;1.981028321;2.492964111;3.676218665;3.866325791;2.964716732;1.826168144;1.135155672;1.67973641
-1.398760638;-1.128947861;-1.342813814;0.269952765;0.457479511;0.033839704;0.692778231;1.401378742;1.064959141
1.242996903;1.20020482;0.771094638;0.930250288;0.274752;0.801203016;2.091221345;2.148222314;2.585831097
2.435721577;2.509940166;1.462023752;1.529672159;1.824416913;1.638749225;2.041992436;2.45546514;2.209336384
0.465034665;0.635218675;0.878041548;-1.683778846;-0.565252145;-0.416569562;-1.116056884;-0.775845554;-1.18426999
0.719000305;1.290653957;0.453419684;1.605371484;1.375891034;2.195155111;0.463188508;0.572871;-0.70639681
1.535654229;0.686334974;1.546942126;1.872394711;1.305824616;1.245492971;0.818353656;1.839066061;0.60434356
3.636012301;2.371260826;3.491790633;5.55284243;4.044293429;4.453921634;1.573425664;1.933696718;2.389585005
-0.778111057;0.034496577;-0.436115976;0.313849388;0.603484494;0.293045644;0.602916471;1.625016705;0.846716693
-7.20E-05;1.018759816;0.381939196;-0.110240207;0.403814204;-0.007880897;0.65079813;1.255673772;0.885066736
0.293728509;1.162816544;1.048859316;0.655800544;1.377191331;-0.044983907;0.266026799;0.117074092;-0.119768319
1.934923371;2.509928002;1.624211474;0.039336344;0.009240941;-0.185479453;-0.163504212;0.262394743;-0.479393675
0.398569671;0.808647417;0.223188973;0.592008769;1.058459721;-0.064410677;1.68614399;0.9732266;0.437634423
0.689636431;0.316985444;0.703062399;1.694918405;1.306441123;1.218941772;0.004821278;0.115570851;-0.720053376
-1.09876363;0.408986161;0.248568413;1.15985412;1.875662791;2.79580057;-1.452858556;-0.841268948;-1.024024033
0.916052823;1.221325749;0.103981353;2.388251506;1.773534761;1.239307074;-1.074128766;0.251592403;-0.099695596
2.619197202;2.612923607;2.139782546;1.86717413;2.001135787;1.601512365;-0.331742095;0.800163315;0.250018862
1.176717782;2.51597489;2.203170327;0.999522782;1.657642161;1.882077885;0.311805516;0.884108422;0.080927872
0.297119819;2.661874327;0.962362206;2.545096805;2.37264465;2.312185434;1.009249256;0.560721392;0.648552299
0.662410082;0.55440361;1.069057088;-0.76790226;-0.16885805;-1.118163218;-0.724554967;-0.20865672;0.011744546
2.287151075;2.055374276;1.867470345;-1.325139479;-0.242459761;-0.654989726;-1.855691932;-0.539148262;-1.784824266
-0.401223047;-0.184378819;0.435373146;2.272422031;1.998170238;1.263755013;1.586134649;1.345855342;1.835970945
1.057882915;1.096275435;0.653085542;1.226347739;1.453112709;0.966089031;1.314300626;1.354709565;1.072964766
3.494358433;3.66207759;3.720193825;6.34086879;4.728996225;4.79391499;1.770571922;1.97573219;1.595851847
0.820180524;1.152128549;0.302448006;2.077919423;1.82606353;1.42556157;2.988634888;2.423701037;2.95227276
1.733848679;1.775493821;1.306795735;1.574068619;2.021623926;1.203399691;1.502979224;1.631770181;1.242773003
1.83232427;3.003184537;1.690992786;3.521986494;3.218922634;3.295091263;2.689565474;2.208573057;2.885363271
0.408037922;0.925233668;-0.113737033;1.404277249;1.096891909;1.70825723;2.321053668;1.744211472;1.776688536
3.377223898;2.600392385;2.759070207;4.922938098;5.544557072;5.770700673;2.38351415;2.467448334;2.289939589
-1.845115381;-0.493278725;-0.709848809;0.566880428;1.463363053;-0.034312809;0.062733724;1.101398458;0.334873721
1.655065818;1.747051478;1.190490729;3.768593273;3.798462092;3.669491658;2.57844161;3.200098381;2.769277595
1.656251688;0.981053591;1.57940336;-0.337123522;0.769026095;-0.309622655;1.058934565;0.426392725;0.063920011
1.82549272;2.449962205;1.453649465;1.797815573;1.020509941;1.481566526;0.511510992;0.926906444;0.51834559
0.219429261;-1.102135785;0.28189919;-0.147911777;0.861694871;0.888358117;0.683931621;0.241696611;0.79777679
0.593288236;0.903877173;-0.663281334;0.564861421;0.972938878;0.24683085;0.055234324;-1.033052077;-0.929807963
1.410014906;1.014845073;1.891249467;2.08728274;2.090929766;0.899403662;2.154745098;2.327807003;1.950818381
2.414640765;1.923712654;1.579511821;0.862154098;1.563025147;1.186399171;0.42622104;0.036438186;-0.197244634
3.009209476;2.345473937;3.362240253;2.414951537;1.649342668;2.390446882;1.819870834;2.111299765;1.362262474
1.502063886;1.349558075;1.519602343;2.349644628;1.186035975;1.65968583;0.074717092;0.695390935;0.431228681
1.135037701;1.272812183;0.771144227;1.896374381;2.262089348;1.241701341;1.690880682;2.330271734;1.289154011
1.626973728;1.698781725;1.804527989;4.045631718;3.686401201;3.398523329;2.232585009;1.153137772;1.634881749
0.318356863;1.220906138;-0.325281444;-0.746552725;0.777677035;-0.733433496;0.749960859;0.989818117;0.628309836
0.255870027;1.071487917;0.166998889;0.026239903;1.040130732;0.695680831;1.308330707;1.585711923;1.743857949
0.991938947;1.78753824;0.920740012;3.765644266;3.830127828;3.56448861;1.872952059;2.161014472;2.541392966
0.100123625;-0.169001123;-0.336417397;-0.241735465;-0.110714179;-0.70548654;2.274281201;1.661905797;1.153997438
1.421409205;2.186749094;1.633650083;4.322975435;3.32454863;3.880287933;1.496173663;2.206197828;2.171595436
1.360518618;1.440096791;1.128769694;2.468165961;2.493005532;2.140757741;0.109902836;0.504472538;-0.057901769
0.181748667;1.088704031;0.311739889;1.462467153;1.565139851;1.468729896;1.421413235;1.59547363;0.757733135
2.198497783;2.188727857;1.3936102;3.172479637;2.491514387;2.156314882;1.435571208;1.506159407;1.110930665
1.691602095;1.0830481;1.692565531;3.13795649;2.076882339;2.410399292;0.902830047;0.819206483;0.459689308
2.030982362;1.266927631;0.237464996;0.225811618;0.135378442;0.498026853;1.667538602;0.280502941;0.845388412
-0.21801416;0.190639985;-0.135579215;-0.801813115;-0.225732235;-0.475827195;-0.171159303;0.256330399;0.439406774
-0.010059764;0.737741976;-0.248424031;2.349270996;1.122301127;1.517775671;2.653399246;2.074921897;2.19752486
0.338777336;0.906731988;0.98783114;-0.34747501;-0.112255124;-1.523321237;1.114098302;1.371560145;1.166814059
2.230564706;2.801387808;2.211201475;1.81147681;1.346625297;1.715736807;1.64311483;2.354537983;1.788009981
0.343586582;0.917498575;0.039216752;1.15528251;1.658909884;2.552347641;0.939577943;0.837879504;1.644391669
-0.585072889;0.842603749;-1.180012723;0.279015534;1.151356598;0.109518425;0.219921984;0.639792055;0.496198934
-1.00374549;-0.274840534;-0.636022237;1.786159424;1.31419918;0.76210504;0.416471686;1.238074851;-0.021678316
0.373051403;0.545104881;-0.229271186;-0.215934871;0.68277832;0.348914619;1.951413406;2.331234045;1.047764779
3.269406273;3.219290661;2.660226226;7.553413477;7.046028659;7.351371983;3.67539526;3.219237861;3.995473171
1.501889679;1.91160158;0.971382362;1.211294187;2.125648991;2.432747321;1.682353268;1.835032404;0.798179628
2.810650589;2.554488897;2.344281496;1.511404369;0.763504939;0.678544469;0.586096764;1.084437649;0.673986277
1.253930575;1.669967897;0.76280629;2.400209534;1.965284641;1.415563239;3.414048166;2.76960467;2.04843541
2.330030888;2.621448472;2.280911976;2.284630695;2.251746357;1.799026776;0.372359986;1.329782357;0.720633334
-0.403066934;0.056538276;-0.621962829;-0.788037047;0.577692222;-0.62721341;-1.495517384;-0.482967574;-1.570890209
0.983822737;0.62284077;1.050321207;1.380680297;1.226178866;0.839573553;1.6745049;1.767072442;0.602183806
3.131525188;2.90826241;2.866055839;3.09222917;3.691101355;2.524724125;2.023178448;1.719776549;1.542395678
2.071699135;1.566074208;1.371084996;2.623989387;2.35815304;2.979873876;2.005098478;2.360817965;2.036078498
-0.648699472;0.390250517;-0.45731683;0.522002487;0.620439053;0.509708864;1.538234841;1.639260247;1.73651022
-0.561794135;0.753874746;-0.362472725;0.373629509;0.233933517;0.65646635;0.243313752;0.232781985;-0.165033902
2.528542665;1.792505984;1.930821462;2.71372716;2.324881825;2.029767208;0.563761465;1.929647545;1.068106317
-0.233999869;0.817829065;-0.760676388;-0.216293179;0.515783258;-1.139468024;1.803585147;2.227854541;0.937111821
1.546628999;1.096968711;1.401108553;2.064942734;2.372862041;1.532211847;2.358916807;1.527040184;1.53852096
3.883234051;2.63683467;2.762542894;2.337163345;1.688246373;2.233303039;0.876724362;1.574842079;1.269715213
2.317273259;2.00521259;1.559598326;2.192301629;1.847160031;1.86667659;0.805278615;0.807520376;0.898218785
1.305220327;1.189870162;0.774693618;1.477941018;1.533683576;2.03314229;0.123898655;0.371811195;0.181419382
1.889255144;0.85055518;0.266637677;0.287992941;0.442148969;0.228287552;-0.315572867;0.601677785;0.65464016
1.664698379;1.526433356;2.139862839;-2.075826265;-1.490098077;-2.110098497;-0.267681646;0.571663345;-0.481807914
0.645118839;0.931751597;0.196411704;0.362937225;1.765765783;0.933204756;0.430270243;0.405612766;1.172024602
0.976811409;0.971266975;0.696167959;0.332738508;1.202408675;0.888521969;-0.160605659;0.414039005;-0.038005591
0.785324328;1.334495485;0.07194248;1.639241931;1.976602779;1.878815573;-0.554064589;0.3686914;-0.205646152
-1.049945645;1.446195906;0.452912138;0.107554311;0.260529172;0.049617271;1.293723611;1.868038081;1.213352505
2.11060672;1.93193368;1.839980597;1.101214707;1.720604156;1.854481034;0.762902894;0.603033474;0.356031799
-0.214555735;0.36356054;-0.26261483;-0.41362236;-0.04699769;-0.169370913;0.590614651;0.647908893;0.632780629
1.436462498;1.683408029;2.121548944;0.010247793;0.829579918;-0.117117121;0.318648588;1.119994547;-0.150767916
0.240352747;0.904212187;0.705852772;0.494499326;0.724507128;-0.006880263;1.674097183;1.483660297;1.293245289
1.009479947;1.73185274;0.933444187;1.21561942;2.307395495;1.494605779;2.254522398;2.449117652;1.789829322
-0.129347159;1.001625046;0.311909471;2.045115667;2.049351754;1.671057023;1.755475118;2.488541735;1.384618026
2.261203009;1.955589157;2.041978615;4.846773365;4.289603655;5.855554916;3.166353408;2.845839101;2.884843439
1.042996775;2.002074227;1.730944932;2.646177686;1.968881314;1.81110998;1.103338733;1.535747477;0.573845366
0.145665087;0.136449639;0.911305197;-0.809220822;0.180636221;-1.221176376;0.185447915;0.752279538;0.202905871
2.832677288;2.372598428;2.190592928;0.598283217;0.798909042;0.332377249;0.668181519;0.820202685;0.310506968
-0.062441023;-0.013327342;-0.34655393;-1.565226425;-0.79318005;-2.508528641;3.012681808;2.40361953;2.396140441
0.938109855;1.515999396;-0.040290909;1.244348949;1.477348946;0.682657679;1.223884569;0.71990807;1.037438635
0.356023098;0.633360822;0.365808335;-0.575505222;1.393586014;0.413915713;-0.729375815;-0.208109892;-0.352743882
-0.889400177;-0.025784897;-0.469157499;-0.248086635;0.804628436;0.436189007;1.363174338;2.789258603;1.962727097
0.514173712;1.560120428;1.269031335;-0.510837078;0.761786581;-0.442505827;-1.914402241;-0.848607873;-1.543626879
-0.671033951;0.332300998;-1.288827923;0.395296146;0.557748588;-0.263253153;1.488078747;1.233506568;1.23362949
2.268543261;1.841296519;2.001252247;1.368272677;1.414155026;1.327340333;2.351195677;2.656262267;2.843651363
0.401099433;1.628915541;0.493351548;-0.619960093;0.032802385;-1.332484914;0.916899953;1.204144821;1.157784387
2.532819939;2.531881338;2.10470398;2.204122501;2.829961165;2.329113932;1.80829093;2.262235388;1.945941876
1.764501228;0.539190325;0.626517036;1.353781679;0.909063859;0.643969978;-0.070293351;1.147360381;0.921769789
-1.822242166;0.168059076;-1.429084146;1.401319601;1.83952665;1.466890496;0.993888347;0.994671395;0.836161709
1.495606848;1.124188069;2.097902724;-0.063842853;0.693711294;-0.175466415;0.194418209;1.061761775;0.154364597
1.419668951;0.707219833;0.784731897;1.322048803;0.952192439;0.089212731;1.332518772;1.48248671;0.700842974
1.528170799;1.899427481;1.175979821;2.066966569;1.485151961;2.651059771;2.750916776;2.759024925;2.075619772
-1.296386539;-0.422197074;-1.611725424;-1.153494216;-1.204356921;-1.642625285;1.770621015;1.095582707;0.3733471
1.527091055;1.397960405;1.128495549;2.787825286;2.253547872;2.049402995;2.372589817;1.946168482;1.513090092
2.253479456;1.624883781;0.974489131;3.205131876;2.953470179;2.923952173;1.27629801;1.652370889;0.766467624
-1.037845124;-0.363257675;-0.081830695;-0.084608291;-0.004186806;-0.803880398;-0.263749833;0.27080738;0.161374992
2.13213127;1.971089658;1.800042229;1.637596027;1.903848264;2.297625301;0.500679982;0.45294981;1.304659831
0.947236366;1.268000626;0.803306652;2.647199325;2.085020781;2.336532573;1.352834522;1.055697447;0.661090056
0.283100875;0.358529893;0.564623995;0.015888729;0.509934849;-0.169263621;2.750022812;2.343407439;2.622375007
-0.068508006;0.596049964;-0.042582713;-1.128416912;-0.250366587;-0.635768238;0.98176209;1.23443458;0.886351462
0.626324542;0.848663489;-0.637306862;0.112710485;0.583841449;-0.067455318;0.900070481;1.397607506;0.226939045
0.264558486;0.914097606;0.114985879;1.379207741;1.136474792;1.392093389;1.776377347;1.728679782;1.675048457
-0.311166463;-0.144277431;-0.245140334;-1.449484415;-0.692936529;-0.886788409;1.783516499;1.813424795;1.064700915
-1.477626663;-0.954006221;-0.822300487;1.005983326;0.58339315;0.822061685;-0.37583118;-0.054156264;-0.181690092
1.552012002;2.011692701;0.822689084;3.944850333;3.698531837;3.067395056;1.914985621;1.445917379;1.912723903
1.452635535;1.565134248;1.510656926;1.365301557;1.608965521;1.581942797;1.319705253;2.486817061;2.130413265
2.024779574;1.893792558;1.977068285;-1.431305272;-0.946606058;-1.306965886;-1.420904256;-0.133106124;-1.360493108
1.00086622;1.486555153;1.61412062;1.547284986;2.324681606;1.404690136;0.062521105;0.369133904;1.008851446
-1.698276611;-0.376882925;-0.483132664;-0.922315423;-0.316256361;-0.350910081;1.078179954;1.694679195;1.553354733
1.899397516;1.183037883;1.087567537;0.127073056;0.526895119;-0.306172765;0.795168556;0.698141375;0.77527981
1.939636612;2.036055348;1.632520366;2.921917722;2.700146209;2.002698793;2.180747285;2.114391921;2.356874506
-0.35036767;0.798818684;-0.545206099;2.054253129;1.909555006;1.55382492;0.092741484;0.648809515;0.719974473
0.608218017;0.294293054;0.08877567;1.458422528;1.291912808;0.681443346;-1.042800063;-0.219392448;0.509233601
3.358480716;3.764874164;2.003842975;0.350361639;0.840508922;0.65891234;0.289995699;1.529718661;0.201262439
1.713539423;1.845193371;1.189313013;1.707004691;2.168184082;0.613511597;1.639246802;1.44396488;1.21791879
1.31393997;1.012977361;1.309071979;2.52282179;2.231581832;1.364827702;0.493069484;0.8233227;1.316335101
2.070698214;1.718366452;2.077731609;0.029472547;1.003516823;0.35571424;1.426810879;1.650004751;1.184769144
0.960001004;1.150505536;1.286293674;-0.101163501;0.356644669;0.34528547;0.35744904;1.571361948;0.916848372
-2.526892577;-0.776935882;-2.221549128;-2.359598889;-2.064443852;-2.907408151;0.913114414;1.453541742;1.852552053
0.97906028;1.585657389;1.754219669;1.103861323;0.82878025;1.020976547;0.175136365;0.853115908;0.211223871
2.213450109;2.743074496;1.831919859;-1.151900586;-0.939599178;-0.562859347;-0.189655122;-0.165732417;-0.185559596
0.134470964;0.419547039;0.169313198;-1.024832516;0.11005675;-0.398217122;0.890433807;-0.212069935;0.962389777
1.167153396;0.690918049;0.582273568;0.176812089;-0.11062317;-0.138834541;0.06362398;0.382072428;-0.103164721
-0.951862574;-0.554161254;-0.432036112;-1.001940399;-0.465329865;-1.331176992;1.348615539;0.714648536;1.291765158
1.068870318;1.622445837;1.548838663;2.005849676;2.272969434;2.476135752;1.635582144;1.825421889;1.62939521
0.49147538;1.279000981;1.035490474;2.305565061;3.507850476;2.404436994;2.829631207;2.322404442;2.546368807
0.899357259;0.745674808;1.27192514;-0.250990226;-0.482015157;-0.558757409;-0.092168427;-0.505571913;-0.141641998
0.108254556;1.245567508;0.473939774;0.432977909;1.020272465;0.912141254;0.660293861;0.980964371;0.509847265
1.502888933;1.611637906;2.665808999;0.323147512;0.518437979;0.803313683;1.00451977;1.40041784;1.562157313
1.334575933;0.757970029;0.947538122;1.94629158;1.5889446;1.910109301;1.342983557;0.990902399;0.766395962
1.647365665;1.550524395;1.92123622;-0.258501492;0.185088512;-0.199404166;-2.017548097;-0.412334917;-1.967517943
0.178623842;0.142784819;1.081181622;0.963925688;0.820864154;1.371022756;2.730413826;2.273319092;2.179241897
0.574789432;1.051839111;-0.034542654;2.067132518;1.828122548;0.935166926;-1.252434447;0.117327796;-0.210352229
1.682694246;1.311476194;0.288117431;0.078146486;0.510783768;0.251714633;0.168012585;0.297844838;-0.344373454
0.956691372;1.51517704;1.068209946;1.744340399;1.246608537;1.215586901;1.28856518;1.021710297;1.082925725
2.060479019;2.334180269;2.228269875;0.375293915;0.504514041;0.602553228;0.930399999;1.225646339;0.947751086
-0.092775625;0.413288483;0.349992909;0.042933009;-0.557935886;-0.819316348;1.241143267;2.612969142;1.485314868
-0.415158013;0.151586371;-0.318430935;1.42164144;1.272862584;1.490580776;-0.258644617;0.248793351;-0.149703296
0.51715304;1.588006122;1.289378705;0.781080428;0.405540848;1.080879531;1.090692303;1.463872475;1.711216888
-0.66971642;-0.378414453;-0.626120819;-1.916934842;-0.945924782;-1.025072634;2.962250647;2.81204039;2.125925004
0.712461192;1.11760502;0.893591533;0.822658375;0.604487281;0.083201421;0.054873118;0.159321272;-0.500297641
0.986226492;0.906868255;0.984218665;2.457265382;2.261141874;2.014704472;1.277035249;1.974399298;1.229123677
0.850524611;0.999604686;0.357777229;0.053872775;0.853946966;0.784489443;-0.063133131;0.490133454;0.291616861
-0.681724049;0.279791043;0.045297474;-0.448677882;0.119579728;-0.094742998;-0.44157378;-0.729034914;-0.535819975
2.828862125;3.039066795;4.155135977;4.78246624;4.87014842;4.369764515;2.449927686;2.391657109;2.506240559
2.326972958;2.03349931;2.248770287;2.306737918;2.390066821;1.31318995;0.632873188;0.412507588;0.345317852
2.710103289;2.380048773;2.17387121;5.353252035;4.38495443;4.440616949;1.71490835;2.281240593;2.460044195
1.282706759;0.403200836;0.315207536;1.943868276;1.910064283;2.277114648;1.908302627;1.747710991;0.616330304
2.427743179;2.692732473;3.135947146;4.408113569;3.228374043;3.447543276;1.06911547;2.672428815;1.553911756
1.016522705;0.835096281;-0.054728369;0.704664564;1.196356997;0.361384068;0.952055944;1.067486836;-0.181585882
-1.055757888;0.385634869;-0.126161919;-0.592736621;0.026440771;0.168934153;1.244144734;1.69722277;1.117736396
-0.296949018;0.104961487;-0.442356205;0.525858778;0.740907903;0.307243224;1.960022799;2.337637706;2.116767432
0.979690798;0.382894432;0.619567617;1.512593774;1.270019751;0.956625236;3.058644671;2.40982378;2.155391929
0.335288469;1.139408307;0.706383812;1.843289463;1.981082524;0.67555978;0.98706518;1.557867018;1.319715322
0.569365436;1.399076595;0.291960304;1.394090962;1.502078513;1.308103592;1.339706828;2.598110722;1.800911078
-0.118199076;0.6279325;-0.248493141;2.747239953;2.81027983;2.529418236;-1.252222446;0.593848114;-0.836399808
-0.434279435;1.422259058;-0.344740393;2.609001791;1.731853563;1.525950208;0.486134225;0.409032317;0.545314601
0.827353784;1.23056381;1.234561081;1.237434059;0.984588342;0.944003409;1.460128882;1.668703069;1.605407328
0.385546421;1.869690265;0.588006998;-0.45375824;-0.091725687;-1.046695227;1.424782679;1.246508635;1.028696309
0.924591427;0.502723914;1.104114049;-1.016894991;0.145135505;-0.786369318;-3.127517832;-0.936712754;-1.846309698
0.523874612;0.92847974;0.615103118;0.618264448;1.098829047;0.604294664;1.613450072;1.459630013;0.337233467
1.962476355;1.368882735;1.122814471;0.00616116;1.145617741;0.561869492;1.608377884;2.059828095;1.23483143
2.417932752;2.648367176;2.31662632;0.552347335;0.923878541;1.027240887;0.194216842;0.982654543;0.048214209
-0.320226238;0.199711863;0.092283284;-2.071566945;-1.544087015;-1.709678102;2.438433837;1.926315298;1.823161212
2.242723078;2.489813402;1.90217104;3.430261018;2.900392223;2.836037952;1.708670686;1.724565653;2.023401053
2.17696695;2.379253249;2.165227627;0.429587469;-0.020127525;0.440135322;1.194365695;0.826673099;0.4263507
1.651374787;1.645864355;1.119906213;2.870368316;2.044942589;2.274246882;1.107155097;1.415549105;0.468746636
-0.855188003;0.201685276;-0.482083957;0.381633399;1.155383609;0.571131892;0.204272998;-0.233543397;0.200637505
2.732763588;2.395503815;1.968403768;0.384173583;1.290408179;0.95087269;1.04369162;1.394592605;1.003805118
0.679543936;0.829135591;0.92338575;-0.672127978;-0.870618992;-0.72116247;0.528288235;1.024301671;0.554373898
-0.630549732;0.388404579;0.899666711;-2.113026529;-0.812999116;-1.711549269;2.334248469;1.016667572;1.471240191
1.565608656;2.167042224;1.703121101;2.626694439;1.959461589;2.647588531;0.677622124;1.089064641;0.624022877
1.079679151;1.451848365;0.656493625;0.706894061;1.665923891;0.920575776;1.284015116;1.617287716;1.260448074
2.298430559;2.771219786;2.326376115;-0.216274301;0.732626636;0.090066063;0.157531771;0.955132687;-0.161183559
2.281610372;2.532495281;2.119100522;1.881677769;1.670337489;1.820829357;2.038127705;2.824191023;1.786509354
0.553889539;1.434537528;1.323851256;0.753177605;0.730178934;0.321885674;1.732035764;2.241388487;1.600312058
2.069946279;1.688941172;0.570494187;-1.288956303;-0.843736177;-1.073657428;-0.761771386;-1.300988867;-1.316695321
0.401157818;1.699836621;0.414260684;1.321544519;1.603518977;2.136544941;0.130017439;1.575511476;0.611448518
0.217446927;0.865349661;-0.202832736;-0.375697071;0.452482773;-0.530973007;2.802795284;2.881672231;3.457388798
1.365927627;1.889234134;1.080708582;1.171546753;2.224992244;1.025176133;1.44231512;1.468892553;0.911034595
2.036195239;1.973612145;1.923783197;0.073292589;0.067413941;0.240482789;0.643302408;0.684494106;-0.405522133
2.479982209;1.985255545;1.074280976;2.077082121;2.58771161;1.774524272;0.395608758;1.349643091;1.171611853
-0.583105992;0.323106298;0.065274603;1.103912954;1.009474706;0.792390454;0.154620775;0.302468332;0.190372827
3.210733929;2.575750779;2.365090001;1.591644717;1.44942166;0.91890209;1.423720605;0.992800952;0.886397407
0.339393128;0.649802525;0.468547862;-0.274650672;-0.447320859;-0.919443248;0.219428743;0.996989711;-0.198482195
2.320083144;0.993005775;1.975605067;1.737559831;1.987365795;1.18766309;1.904487094;0.622418454;0.724840966
2.341817001;2.018263353;2.229022546;-0.628781516;-0.102201785;-0.166441298;-0.145210692;-0.125437507;0.414028928
1.301229239;1.453789742;1.318207501;1.74971249;1.931012048;1.038023129;1.116981543;1.478414843;0.14985817
0.264981084;0.653309878;0.243719148;1.909675247;0.90987382;1.9688785;0.819290103;-0.079636138;1.169900695
0.644354947;0.244177483;0.155792243;2.763963679;1.950404455;1.880467316;1.702133182;2.19881796;1.10660052
3.622322213;3.674411942;3.428302675;1.670096538;1.748892926;1.5580881;-0.151969061;0.492988782;0.102411153
1.091920875;0.190294374;0.926858384;1.060089588;0.692577767;0.378444338;-0.120253676;1.160587073;0.359411669
-0.829757769;-0.113419641;-0.973178336;2.347793033;2.087560109;2.451896745;0.175128404;1.018808809;1.182208804
0.540264403;1.6849584;0.800687675;0.824573466;0.542973731;0.446398704;0.47966938;1.568879521;0.964228089
-0.544521;0.871918747;-0.390444353;2.163905372;1.342819961;2.016292113;1.760025673;1.777530442;1.249786311
1.901130751;1.717569576;2.243298341;0.32614963;-0.074921012;-0.340174372;-0.798291764;0.376589941;-0.485294144
1.913962587;1.212992065;1.098030012;4.613631256;4.711381251;3.95365705;3.12676274;3.056691168;3.043496309
0.017322148;0.283880065;-0.015903503;-0.036676462;0.084716378;0.45727838;0.139800917;0.244307856;0.165230056
1.082856121;0.840500545;1.155980102;0.23490033;0.104683219;0.802297274;1.553704898;2.264521352;1.753764638
1.557855806;1.551135677;1.277728821;2.905328446;2.658108665;2.384496829;2.517778583;2.376500836;2.270276316
0.787841532;2.148054893;1.693988167;3.836044548;3.732553457;3.594950941;2.989450491;3.630496844;2.198624815
3.382499894;3.541063182;2.70710896;5.688881875;4.368901454;5.029155937;2.921432486;1.889499426;2.899702803
0.739531404;1.303459329;1.106510751;0.721543885;0.744832144;1.168194189;1.395983711;1.737561417;1.977815743
0.637649924;1.533435855;0.661367353;-0.325974745;0.02582653;0.110766346;1.551769977;1.140087261;1.944738462
-0.076066518;0.783158269;-0.061908083;-1.488980338;-1.75690006;-2.235113346;1.925893433;2.017400998;1.453424583
0.847369265;0.04477372;0.314433748;-0.865652833;0.313013188;-0.820230228;-0.078135458;-0.331021039;0.457993627
1.505378467;1.859899389;1.815000555;1.154109996;0.585486166;2.028473641;2.103515101;3.146708895;1.656457699
0.546265718;0.671393498;0.607018946;-0.409151369;0.42584427;-0.301061117;1.088329587;1.570533124;1.654552002
0.427608929;0.43643645;0.654625043;0.439039725;0.196516692;0.972205321;0.003890856;-0.695543849;0.126184016
-0.439632107;0.399242772;0.067755219;0.881859293;2.481685345;1.060997678;1.431632563;0.839709056;0.996889903
1.052551343;0.790620359;0.654732973;0.491462249;0.367532088;0.26296634;-0.738483707;-0.155779659;-0.760952338
-0.69029893;-0.380108543;-0.870132169;0.324617046;0.724783802;0.356114458;-0.310772336;-0.399446094;-1.125701137
0.476923729;1.442826564;1.257554406;1.68934113;1.497176927;1.174515407;-0.203612961;1.202835094;0.474200454
1.336954378;1.292616933;1.608568061;1.316386635;1.376722371;1.110213394;1.013852772;1.423097393;0.762802017
0.517165196;0.930888433;0.589185134;1.400867049;2.296390404;1.175197244;1.916551194;0.930770138;0.925981431
2.083552745;2.444555006;2.114661076;4.716303504;3.460279181;3.277353336;3.69405708;2.483102991;4.038492917
1.64885215;1.657177146;1.730931347;1.196496794;0.969818062;1.318076434;1.540965953;0.657364462;1.115781547
0.047565678;0.408102098;-0.069676667;-0.812420381;0.464390822;-8.41E-05;-0.061900329;0.538109327;0.298265422
0.579896212;1.021801451;1.088986419;2.010938943;1.857938612;0.89906337;0.728751674;1.072123215;1.173929638
0.962001719;0.999412136;1.061174379;2.118736259;2.075300012;2.026939406;2.005481207;2.103339257;2.118368946
0.854935772;1.247507415;0.700917046;1.44103497;1.099349778;0.713847609;1.523964587;1.837982789;2.547522073
2.60426229;1.449048433;2.393371182;0.698134967;1.433583372;1.093242239;0.761942721;0.653088125;0.279001389
0.284789739;0.692000081;0.573952254;0.824843761;1.612129136;0.883669126;0.463617818;1.090628564;0.875921396
0.268378025;0.571724827;0.295288503;-1.158127099;-0.115976218;-0.490939051;0.19075046;1.084860158;0.111004309
0.793142576;0.939034373;0.173477614;1.770624572;1.773867886;1.351046318;0.049225942;0.53673857;-0.36249551
2.544411129;2.192901664;2.0595038;-0.332991893;0.355570795;-0.306024274;0.008392342;-0.92172451;-0.589817295
1.105386644;0.718509396;0.243448192;-0.284856042;-0.662740193;-0.241666256;0.950831949;1.922634071;1.485356971
1.718792343;2.150349629;2.075195318;0.865261037;1.100016774;1.020945954;0.449915127;0.377699201;0.410083074
1.040828796;1.543196109;1.208442758;2.181978807;1.543260833;2.315718325;0.094617213;0.003339216;-0.626796852
0.211516956;0.384787979;-0.361919234;0.873447528;1.268105074;0.712310557;-0.098601848;-0.2378578;-0.949723659
0.829248908;1.969474141;1.500509843;1.199328549;0.740004519;0.612130103;1.523061138;2.344681509;0.549511447
4.022592025;3.455650199;3.751748481;5.096656612;4.653776007;3.764654476;1.020076749;0.777237447;1.440597265
0.277976216;0.747556093;-0.130613465;0.585669499;1.462618267;0.351118786;0.930485727;1.057339847;0.71730783
3.243574714;3.157879026;2.673073011;9.020265723;7.701759234;8.603248726;3.748496405;3.152844044;3.449665895
-0.625250899;0.114628027;-0.879622497;-1.490885208;-0.202728325;-0.757746689;0.436647432;-0.267874499;-0.234293936
-0.548234275;0.530394026;-0.152260073;-1.45825213;-0.611618266;-1.10794351;-0.558870954;-0.7308806;-1.373615244
1.990961624;3.080934713;1.763921986;3.786918609;2.940815211;3.413183901;2.055338014;1.732635687;1.959163443
0.671530919;-0.076008814;0.273795539;-2.065900515;-1.088890779;-1.105571452;0.427318;1.106230194;0.959226429
2.495941345;1.891532856;1.995617773;1.732498932;2.272433068;2.238261813;2.877764942;2.008096818;1.437212831
1.485517774;1.736136111;1.762199897;2.787480877;2.048728874;2.232176227;1.776166507;1.622177709;1.142603564
-0.256253636;-0.341921131;-0.05441242;-2.474337472;-0.945696367;-0.269568142;0.772396477;1.659127764;1.787150028
1.388004068;1.074349194;0.94859237;1.979707131;2.143561634;2.012762933;2.592571108;0.936461033;1.069524131
1.273170734;2.077133698;1.077065563;0.760289144;1.213737474;1.031529776;1.762215883;1.739999536;1.572367304
1.314616179;1.413784825;1.871662628;3.420158306;3.010453131;3.024418136;1.106946831;1.345168542;1.092927196
0.708061405;1.531547353;1.063149607;0.710689449;1.028634063;0.544289708;1.288878368;2.043992439;0.606111296
-0.12114136;0.635078142;-0.539622607;0.79580755;1.085395762;0.608263479;-0.031461;0.466154697;0.711635976
0.616984303;0.670916839;0.312110103;0.740028762;1.374064827;0.244946333;0.856172645;1.936894975;1.405407635
-0.67229346;0.348851632;-0.451472575;0.258033821;0.472362307;0.354636119;-0.145622317;0.610045725;-0.302850197
-0.952540132;-0.097930415;-0.709144067;2.255471649;1.340866448;0.980575929;-1.020309988;-0.357867464;-1.022319062
0.659479633;1.065383195;0.320595385;-2.011688326;-0.850025613;-1.438392491;0.25634226;1.290611745;1.045471829
3.3352688;2.54888317;2.269707543;1.662881023;2.428646088;1.354672184;0.749229731;1.566828399;0.857886824
0.188538909;-0.011405361;-0.54843919;-0.41703617;0.073140985;-0.211421433;1.775936792;1.512100971;0.953918924
-0.117452166;0.305404783;0.688054837;1.695384907;1.156949717;1.012140707;3.142193695;3.330638118;3.309003233
-0.498432413;0.199051891;-0.515497081;-0.115831728;0.650204375;0.089818878;0.823164827;1.633681755;0.758877113
1.773799863;1.665884993;1.417795969;0.9819168;0.888753769;0.400879658;0.848833821;1.003828356;0.433103714
-0.638710449;1.253459782;-0.278057533;1.06465494;1.33414922;0.707584195;0.812467438;0.994984205;0.528610792
0.175165687;0.464254148;-0.138782568;-1.190263517;-0.379678802;-0.54368892;-0.434426135;-0.010719707;0.045596587
-0.275755494;0.680258967;-0.925457496;-0.179022215;-0.081940879;-0.066656938;-1.062805564;0.183731879;-0.562130423
1.163412406;0.859244831;0.940820095;1.420827061;0.540165581;1.549047398;0.610039796;1.030243993;1.014651716
2.007110939;2.716382902;2.139747973;3.207731383;2.484644289;2.535405221;1.454021695;1.786072181;1.245482646
3.658923423;2.973022593;2.716766626;2.572747692;3.272617223;3.488122918;2.095425739;1.295298991;1.576810539
0.360387287;1.624748886;0.51366178;0.567648473;0.759727076;0.190439796;1.620595038;1.141924589;0.711683336
2.857758161;2.494358296;2.565365038;-0.926813412;-1.452151549;-1.469380641;-0.834334303;0.110891879;-0.462919522
1.785610753;1.213334878;2.080623249;-0.804533397;-0.423035884;-0.262867032;1.147065914;1.465784418;0.81959103
2.034591208;1.048978251;1.560907231;0.242382019;1.078519714;-0.275448551;0.357359915;1.610236205;0.758165103
0.656080091;1.090833001;0.197422559;-1.086233852;-1.025288397;-0.031056957;0.304020749;1.103282761;0.579004506
0.158386208;0.520301121;-0.228878511;-0.025312467;0.785187282;0.772335304;1.649694494;2.138921124;1.299329526
-0.025417646;0.004383943;0.087579477;-1.443888778;-0.697719359;-0.650985648;2.785640875;1.68028997;2.502956683
1.134839776;1.727272033;0.919802304;0.559681196;0.711374173;0.284131913;1.595947403;1.927038001;1.627403472
-0.812662274;1.125961244;-0.404326545;0.731496998;1.020858811;0.519759137;-1.096476268;-0.587112173;-0.497437342
1.391135947;1.070181035;0.78756438;1.361825597;1.309640647;1.47058933;-0.504448415;-0.470058055;-0.412919429
0.855862505;1.537540482;-0.014582049;1.68394891;1.20519801;1.259919813;1.082726479;1.039210981;0.77382444
-0.353919666;0.322462048;-0.137667283;0.714945896;1.456793542;-0.04365468;-1.447737329;-0.103841983;-1.554543411
1.598882947;2.155782445;1.046794426;2.952006858;3.314037128;3.676428601;1.580540791;1.781314363;1.256075509
0.568352421;1.461254685;1.086002027;1.371233721;1.137964435;0.237972153;0.915084084;1.837485625;1.15822118
-0.105608649;0.716508857;0.568465839;2.470218718;2.675637901;2.461703303;1.256037204;1.340664234;0.915870438
0.78826707;1.295078339;1.270761995;1.855145858;1.166122798;1.434100004;0.776293498;1.536270422;1.141744088
3.269634431;2.562192068;3.799320187;3.66296805;3.955339014;4.606753763;2.111313078;1.967222059;1.645172106
0.412728491;0.692105356;-1.356496886;0.304757827;1.010719555;0.943063606;-1.602459415;-0.996342532;-0.885489192
-1.397053068;-0.861468434;-1.166664786;1.717910413;2.115262841;2.695961007;-0.914507124;-0.202350029;-0.291865035
0.955215885;1.748698267;1.312461975;2.863759462;2.277133679;2.420526914;1.256448021;1.72026996;1.031506657
-0.331304417;-0.744039004;-0.964732737;0.940150296;0.474135553;0.531098429;0.376296626;-0.048299256;0.63040505
1.811323909;2.299069701;1.420366577;0.586077478;0.776061004;0.180160888;1.764683772;1.040545516;1.8763336
1.564754279;1.640078123;1.335664854;1.256240592;1.483921996;0.63138761;1.35631719;1.424622635;0.299005735
1.721790922;2.2302945;0.862054581;2.211253373;2.031901182;2.359270316;1.87085704;1.08281895;2.139068194
-1.143181933;-1.619103733;-1.105589044;-0.198914525;0.471969931;-0.300709035;-0.212538844;-0.311042303;-0.490066131
0.127176921;0.606670913;0.194876832;1.436819489;0.928726713;1.317741647;2.84227281;2.903637484;2.789284245
0.336536605;0.310489092;0.249491634;0.320198392;0.358266681;-0.451791617;1.21175042;2.364220971;0.842897836
1.753459765;1.828966889;0.789251179;-0.551492189;-1.015278463;-0.570263871;-0.568112961;0.629037027;-0.418073559
2.821041219;2.216212998;2.754854111;-0.198998996;0.505493126;1.183663928;0.294346885;1.511766932;1.3957948
1.095128735;0.983491319;0.376353948;0.229707855;0.297824762;-0.312863526;1.287676504;0.987985564;1.410624599
0.857475201;0.656151486;0.913609389;1.318863656;0.553203052;1.163467748;0.778895762;0.507310279;0.188674863
2.814018282;1.8970729;2.317603373;4.67847627;3.223482698;4.178298434;1.09268067;1.307990578;1.577241782
0.829753398;0.776220002;0.730823667;0.521455672;0.399457166;0.406895105;0.007541246;0.102115738;-0.129766577
0.854517668;0.140964767;0.180713371;1.02161461;1.374736503;0.563951677;1.604840358;0.949897884;1.34607237
1.168896782;1.601292466;1.163464657;0.970770478;1.451664404;-0.1673614;-0.02268165;0.387949971;0.317437794
1.84852672;0.658811719;1.346975252;0.646357657;1.233056243;0.508734436;1.103798776;0.681357389;0.815323353
1.798855396;2.049756892;1.368116679;3.360073946;2.769226429;2.378204404;1.58288363;1.052905635;0.395383171
2.111889;1.791310429;2.006951757;0.617636665;0.460333555;0.359799518;-0.186478762;-0.118401701;-0.604016172
0.540125471;0.842252679;1.012747474;0.106800691;-0.509307611;-0.011090484;0.369396384;1.216837194;-0.330211722
-0.247080228;0.031367819;0.355153124;-0.235412059;-0.530994792;-0.823278519;1.735664528;0.511529406;0.967037978
2.062426115;1.187173866;1.235816027;1.417895391;0.884209063;0.504633825;1.41049524;1.383996882;1.101094616
2.988505399;2.816392731;2.681729599;8.110798694;5.930093714;7.067326149;3.966328979;3.196052146;3.125744932
1.550944433;1.358220888;0.120622931;-0.699036705;-0.085572297;0.239810269;0.601914219;0.542086883;0.927643338
0.344439537;-0.204675177;0.178527701;0.482406133;1.459301794;0.661565348;1.378301914;2.246334709;0.587410669
-0.624122127;-0.732660645;-0.067562908;0.373431579;0.156398587;0.445962751;0.384718859;1.097055989;0.443909311
-1.405586641;-0.179162496;-1.195623957;0.877646316;0.531837267;0.546920428;-0.110832854;-0.625142366;0.099079176
1.283184667;2.247586006;1.811414611;2.919752185;1.548402016;1.460133087;2.842593393;2.61420407;2.397726404
0.299938003;0.840039286;-0.074692489;1.090682275;1.084957715;0.412198828;-0.517647343;-0.297555692;-0.930152744
2.61771919;2.113441255;2.91471984;0.424339429;-0.105115231;0.594285958;1.036800535;1.117490821;0.192062261
1.644063355;1.83983159;1.7326649;-0.783433135;0.260182486;0.449063494;1.042293897;1.113076195;0.708708863
2.26411228;3.408292797;2.612964519;2.322199232;1.949149664;1.99503324;0.686763802;1.345121176;1.158421879
0.921760812;0.283807475;0.238492277;0.119672474;1.109075504;-0.025621404;1.277785954;1.623769599;1.858482833
0.564226776;1.528154087;1.026934012;0.632170829;1.754079512;1.687315875;0.86301746;0.940633473;1.279363853
-0.106754671;0.223876986;-0.218182747;2.017558364;1.840636292;1.084659388;1.485567282;2.054958154;1.571850203
1.393326121;1.554625802;1.436960166;0.701740359;1.465370554;1.543591237;2.324339219;2.290721947;2.44987134
1.238792348;1.639567952;1.111623804;0.867310443;0.676012993;0.2940445;0.100232723;-0.074688818;0.06698234
-0.058721388;0.474244667;-0.231603243;1.359411608;0.607696031;0.965283751;1.236361294;0.938474781;1.294817919
-0.133688936;0.094962157;-0.816643853;-0.086327083;0.603178574;0.532406623;-0.239241521;1.140379921;0.679443522
0.68414437;0.519847291;1.177170008;1.024237905;1.550469876;0.922457215;1.016761237;2.049410883;1.68116538
1.020602736;0.252190689;0.642950132;1.519209068;1.655882355;2.293441291;-0.57195245;0.636948261;0.434192909
2.195678812;2.48636402;2.566436159;1.93953194;1.872335476;0.588979191;0.676533938;1.484239354;0.284952817
1.455460198;2.409894197;1.480247137;-2.262728425;-0.66886346;-1.680041892;-0.708223908;-0.438020339;-0.988150721
3.328238436;2.317554475;3.331284479;4.782318591;4.123426387;4.494450759;2.928288509;2.695143315;2.457794283
1.043615295;0.652381964;1.188637606;3.21541812;3.526281975;3.215141153;1.464750763;2.341104838;2.23823478
-0.982928481;0.429046935;-0.916927825;0.731055406;1.554161335;1.129727394;1.611934525;1.97248074;0.783295561
0.534801186;0.91762044;-0.156698299;0.944318442;0.782910311;0.583450784;0.315354321;1.163751949;0.480503009
0.790654847;1.087349302;0.365961642;1.435416496;1.138777281;1.338442898;0.027641061;1.22694812;1.015825353
1.109923371;0.985688868;1.290792079;1.683645324;1.815012444;2.199210978;1.54988229;1.450227595;0.472349012
1.229779656;1.630823849;1.528249657;2.212512874;2.170731621;1.618181985;1.116954213;1.513773386;0.671112626
2.094059172;3.173865542;2.106453242;-1.381253807;-0.248054043;-0.6172464;0.080675597;0.050157609;0.489917678
0.262493767;0.598495993;0.688544312;-0.150242416;0.574001882;-0.022893031;2.092878482;2.171754473;1.251007556
1.868932956;2.529086805;2.138354612;4.307568977;3.963970514;4.262171582;2.784147389;3.039454249;2.468765808
3.106649085;1.994495928;2.924798373;2.039435386;1.837758056;2.394106137;1.385985628;2.452952519;2.188349756
1.166706423;1.524601343;0.735318891;0.449804854;1.383168531;0.068068324;0.851577744;0.761089039;0.832354174
1.447037574;1.423214795;0.938338211;2.241442675;2.398218448;2.431933515;1.424029761;1.747623338;1.981132167
-1.275529609;0.317622895;-0.678058074;-0.885658755;-0.162861192;-1.162610975;1.880920904;2.215486935;0.792998077
1.273987807;2.057422391;0.960156119;4.264407742;3.919892311;4.090711766;2.864271039;2.322205594;1.797774754
-0.222445138;-0.495201101;0.493440523;1.575530656;1.623082083;1.587777567;1.742443489;0.690399716;0.897728467
0.112865265;0.003871549;-0.533715385;0.020179805;0.126323166;0.611573996;0.465276175;1.189272085;0.475262478
-0.408117607;2.049407516;0.520941938;1.122680974;0.853701682;0.209639894;-0.424266665;-0.051576863;-0.40404875
0.891163305;1.559705872;0.988784741;3.100236767;3.764785048;3.39193893;2.307826253;2.196001553;1.768665479
2.42577424;1.791010256;1.74680074;3.944073228;3.796551604;3.779745882;2.52338151;1.861592113;1.366235255
0.968762812;1.53916392;1.283780064;0.797564893;1.029540862;1.12568594;2.324475433;2.0482834;2.336050413
3.022541557;2.681047464;2.352228282;4.38275744;3.961708608;4.742583776;2.296570834;1.593674327;1.659787029
0.050214496;-0.012587884;-0.002063886;2.082470274;1.852118409;2.272445874;-0.564501017;-0.469361018;-0.793837522
1.484768435;1.487329447;1.204172277;3.542229604;2.717774174;3.255981651;1.209203445;2.757371896;1.800893814
1.308260128;0.850092342;1.079985078;0.481586233;-0.144864979;0.626547954;0.245099673;0.193034592;1.21184105
-0.032806801;0.221804325;-0.26761324;0.968819477;0.411182624;0.46563347;2.892658348;2.851045917;2.761055706
1.126838094;0.684659363;0.121085901;0.845091925;0.493300345;0.145317366;2.823020188;1.581915878;1.516589436
1.770113984;1.554201328;1.405200052;2.239852263;2.087945831;2.710022448;2.223674337;2.35726426;1.90902525
0.628898424;1.229842888;0.608210799;1.930587375;1.966537874;1.625844238;1.048724371;1.648947822;0.657261673
3.837762681;3.496716438;3.451176004;2.721837544;1.859920846;2.55077042;1.48974353;2.05314537;2.086612584
-0.939698731;-0.094470744;-0.491428852;1.054327315;0.851878545;0.722420106;0.730571351;0.825146135;0.590190411
1.785188422;1.267334552;0.921467464;2.12123319;2.686603684;2.251881122;1.391494306;1.659123155;1.107401201
2.122813219;2.092768462;1.149194674;0.687840285;2.685892315;1.561611627;0.970917627;1.13854698;0.598524536
-0.159915577;0.627917906;-0.365848886;2.214795356;1.699439216;2.90070124;0.905280457;1.018232634;0.818155292
1.970605026;1.853564919;2.231407763;0.947777606;0.753086898;2.049289388;1.128782307;1.375510726;1.062379179
-0.88628855;0.669259509;0.594864937;-0.186989687;-0.102332561;-0.380737134;0.990142827;0.892171877;0.405076022
0.375075584;1.792717015;0.50387474;-0.213483459;0.623158589;0.127242692;0.79099087;1.059282695;1.114842602
0.95885751;1.502869066;1.645244619;-0.723441215;-0.667689556;-0.996610264;0.226158634;0.04815865;-0.206842817
0.105437391;1.138128672;0.975317008;1.733811249;1.736874626;1.387498598;1.24857045;0.258829125;0.748359501
1.355690297;1.552391359;1.240260197;1.321690732;1.495087496;0.561460268;1.720395857;0.341453249;1.308163398
2.012908797;2.133453629;1.718437848;3.61286971;3.468607573;2.78475614;1.717983853;1.194898241;1.9152568
0.171248246;-0.106584021;-0.958233022;1.114430715;1.871677501;0.513481824;1.007035799;0.271804899;-0.302786254
0.213523778;0.183865166;0.77193181;0.814230843;1.746152969;1.357620452;1.809400987;2.08266567;1.340691051
1.309084353;1.696546771;0.478270503;0.853252052;0.725847829;0.965270236;1.086419138;0.924655512;1.081166211
1.998137159;1.488312428;1.872180369;2.082220787;2.561459291;2.825832391;0.247556555;0.754044403;0.641082032
-0.208615124;0.380216428;-0.478897607;-0.474141846;-0.194958577;-0.520911455;1.057235032;1.74396148;1.166322843
1.817148164;1.474494416;1.728322717;2.943162359;3.15149867;2.315455113;2.980701128;2.01105822;2.398784191
0.659429126;1.045406049;0.77919723;-2.090845286;-0.941319045;-1.626277235;0.787724024;0.872816905;1.358416943
1.218218271;0.464455712;0.891594411;0.614853701;1.427487271;0.709758828;0.900818624;0.155279639;1.355665504
-0.825266386;0.544833917;-0.005666986;-0.109041152;0.345346716;0.659018191;0.397873239;1.793924233;0.511537613
2.654313567;2.83704517;2.641594856;0.449627182;1.820149464;1.622455985;0.469254962;0.931242003;-0.133400244
0.563206502;2.031000312;1.14139218;0.299031101;0.202551487;0.251214237;2.151368305;2.068950012;2.079165202
1.080120464;1.530794973;1.215416457;1.087201167;1.340083132;1.091344126;2.821415129;2.406192867;2.823560875
2.392746493;2.210803973;2.176065407;0.747208104;1.876387072;0.487108245;1.923443594;1.309184932;0.917999158
-0.653820692;-0.15343328;0.101434614;0.656877222;0.537143391;-0.82130553;0.098822567;0.816140006;0.928633522
0.374560926;0.5919272;0.546663337;0.878571548;0.364551642;0.359295191;2.839719198;2.744787665;2.952307928
1.8434295;2.473489724;1.921776323;-1.562290216;-1.644041921;-1.647368922;-0.745997997;-0.377675344;-0.671805057
1.314330045;1.550401831;1.272985241;1.911930428;1.849468995;1.846332195;0.005072769;0.439563856;-0.262693024
0.970329879;1.795808549;2.225112572;0.121247575;-0.127912016;-0.519578007;1.106712404;1.012302407;0.309313621
0.866912776;0.549777215;0.299332675;0.696803767;0.649525812;0.690392296;1.172010883;2.099808087;1.922692249
1.677536822;1.310912049;1.528067048;1.015980676;1.433527679;1.602525628;0.6541734;0.80931778;0.567273114
1.497895844;2.06737909;1.399332471;2.990017143;4.11493876;3.726401455;1.655223374;1.488785074;1.592606968
1.442042666;2.157707948;1.540091636;-0.134873607;0.784329244;0.823906323;0.988539006;0.822438451;0.35459
0.786488465;1.38334145;0.927887381;0.14559524;-0.289823743;-0.854719423;-0.063067731;-0.34714172;-1.127206581
2.807265907;2.359177638;2.760805383;0.033242543;-0.042956294;0.330284762;-0.779402361;0.328096029;-0.469301983
0.65334018;0.783743585;0.245834698;2.301532358;1.441284205;1.503437297;2.190666033;2.798891074;2.276430778
